"id","original_doc_id","doc_type","doc_number","doc_date","file_name","file_url","file_path","file_size","file_hash","product_category","product_codes","product_names","related_doc_numbers","applicant","department","responsible_units","summary","keywords","status","priority","parsed_at","last_modified"
1,"1b587728e54700bf29d9ada689598b31",ECN_NOTICE,EC-K-24-H-209,"2024-09-03",T鎖-設變單通知單.pdf,http://pdf-file-server:80/download/1b587728e54700bf29d9ada689598b31/T鎖-設變單通知單.pdf,/mnt/pdf/done/T鎖-設變單通知單.pdf,0,"1b587728e54700bf29d9ada689598b31",,"[""24-H-209-1"", ""604-S8"", ""02-B02""]","[]","[]",,,"[]","[第 1 頁] 2024/9/3 上午10:48 about:blank 設變通知單 單號 :LD113051R 日期:2024/9/8 @設變申請單號: EC-K-24-H-209-1 似適用規範: 全部 0 開發案號: 0不適用規範: 品號:F05-LOY513、6G05-LOY513、F05-L05513、 | ,. 設變說明 : 為改善內側按鈕式機構外側上人鎖時卡頓的品質問題,配合將轉軸內...","[""設變通知單"", ""設變"", ""通知"", ""設變說明"", ""24-H-209-1"", ""604-S8"", ""02-B02""]",PARSED,NORMAL,"2025-11-11 17:16:17","2025-11-11 17:16:17"
2,"220481c684f34e438a29eaa2e76acdb2",ECN_NOTICE,"0","2024-08-15",T鎖-設變單通知單-3.pdf,http://pdf-file-server:80/download/220481c684f34e438a29eaa2e76acdb2/T鎖-設變單通知單-3.pdf,/mnt/pdf/done/T鎖-設變單通知單-3.pdf,0,"220481c684f34e438a29eaa2e76acdb2",,"[""02-B02"", ""20-3202"", ""24-H-210""]","[]","[]",,,"[]","[第 1 頁] 2024/8/15 上午11:18 about:blank 設變通知單 單號 : LD113052 日期:2024/8/15 偽設變申請單號: ~EC-K-24-H-210 ©BARK: 全部 0開發案號: 0不適用規範: 設變說明 : 因應Hamoton客戶抱怨,上制動穴孔位置,易造成把手不易拆卸,故配合修改套盤沖制動穴孔尺寸。 CoRR HAT RS 數 ee |使用完 bs ...","[""設變通知單"", ""設變"", ""通知"", ""設變說明"", ""02-B02"", ""20-3202"", ""24-H-210""]",PARSED,NORMAL,"2025-11-11 17:16:18","2025-11-11 17:16:18"
3,"586b5cf0bb605cb8c3d3c45228424a18",ECN_NOTICE,EC-K-24-H-209,"2024-08-24",T鎖-設變單通知單-2.pdf,http://pdf-file-server:80/download/586b5cf0bb605cb8c3d3c45228424a18/T鎖-設變單通知單-2.pdf,/mnt/pdf/done/T鎖-設變單通知單-2.pdf,0,"586b5cf0bb605cb8c3d3c45228424a18",,"[""02-B02"", ""24-H-209"", ""605-LOY513""]","[]","[]",REA,,"[]","[第 1 頁] 2024/8/24 下午1:07 about:blank 3 : LD113051 日期 :2024/8/24 @設變申請單號: EC-K-24-H-209 全適用規範: 全部 0 開發案號: 0不適用規範: 品號:FO5-LOY513、605-LOY513、F05-L05513、 |「, ,. 設變說明 : 為改善內側按鈕式機構外側上鎖時卡頓的品質問題,配合將轉軸內軸筒表面改採鍍...","[""設變通知單"", ""設變"", ""通知"", ""設變說明"", ""02-B02"", ""24-H-209"", ""605-LOY513""]",PARSED,NORMAL,"2025-11-11 17:16:19","2025-11-11 17:16:19"
4,b726ea652266f977557a03eff4d99d63,ECN_APPLICATION,RD23040,"2024-08-14",T鎖-設變單申請單.pdf,http://pdf-file-server:80/download/b726ea652266f977557a03eff4d99d63/T鎖-設變單申請單.pdf,/mnt/pdf/done/T鎖-設變單申請單.pdf,0,b726ea652266f977557a03eff4d99d63,,"[""130-46"", ""02-A04""]","[""轉軸內軸簡                           品號 (LOYD13 ; FO2-L05513 ;""]","[]",,,"[]",[第 1 頁] F02-L0Y513 ; G02- 品名 轉軸內軸簡 品號 (LOYD13 ; FO2-L05513 ; G02-L05513 RPER BEAL Wee 設計合理化尺寸放 寬 材質/材規變更“規範編號: RD、R或PD案號: _客訴單號: He FARR HF nN 緣由 改善 製程變更 設計合理化 尺寸放寬 材質/材規變更|附圖面鑰 規範編號: RD、R或PD案號:RD2304...,"[""申請單"", ""申請單位"", ""緣由"", ""設變執行"", ""130-46"", ""02-A04""]",PARSED,NORMAL,"2025-11-11 17:16:20","2025-11-11 17:16:20"
5,"63d649ec07a4c03cd7e560e41bb008dd",ECN_APPLICATION,BRB,"2024-08-06",T鎖-設變單申請單-3.pdf,http://pdf-file-server:80/download/63d649ec07a4c03cd7e560e41bb008dd/T鎖-設變單申請單-3.pdf,/mnt/pdf/done/T鎖-設變單申請單-3.pdf,0,"63d649ec07a4c03cd7e560e41bb008dd",,"[""00*-L21644XJ""]","[]","[]",,,"[]","[第 1 頁] 客戶要求“ 品質改善“ 製程變更“設計合理化“尺寸放 寬 材質/材規變更“規範編號: RD、R或PD案號: BRB: 其他”客戶要求“ 品質 圖 緣由 改善 ABR 設計合理化 尺寸放寬 材質/材規變更 |S 規範編號: RD、R或PD案號:R24138 「 客訴單號: 其他 1. 配合Hamoton客戶抱怨, 自動穴位置錯位, 造成 ono uy, ; 自動穴不易拆卸 R+ |2...","[""申請單"", ""申請單位"", ""緣由"", ""設變執行"", ""00*-L21644XJ""]",PARSED,NORMAL,"2025-11-11 17:16:21","2025-11-11 17:16:21"
6,febe31b61127f57cda7c6d0ea0956963,ECN_APPLICATION,FER,"2024-08-26",T鎖-設變單申請單-2.pdf,http://pdf-file-server:80/download/febe31b61127f57cda7c6d0ea0956963/T鎖-設變單申請單-2.pdf,/mnt/pdf/done/T鎖-設變單申請單-2.pdf,0,febe31b61127f57cda7c6d0ea0956963,,"[""605-L0OY513""]","[""Hebb bb                           品號 |LOY513 ; F02-L05513 ;""]","[]",,,"[]",[第 1 頁] FO2-LOY513 ; G02- 品名 Hebb bb 品號 |LOY513 ; F02-L05513 ; G02-L05513 客戶要求 BEAL BeBe 設計合理化尺寸放 寬 材質/材規變更“規範編號: RD、R或PD案號: FER: He 客戶要求 BE 緣由 改善 製程變更 設計合理化 尺寸放寬 材質/材規變更 PEO 規範編號: RD、R或PD案號:RD23040 |...,"[""申請單"", ""申請單位"", ""緣由"", ""設變執行"", ""605-L0OY513""]",PARSED,NORMAL,"2025-11-11 17:16:22","2025-11-11 17:16:22"
7,"3cf71fab9c44316b2c547e2421bc6c9e",COMPLAINT,,"2024-07-12",T鎖-客訴資料.pdf,http://pdf-file-server:80/download/3cf71fab9c44316b2c547e2421bc6c9e/T鎖-客訴資料.pdf,/mnt/pdf/done/T鎖-客訴資料.pdf,0,"3cf71fab9c44316b2c547e2421bc6c9e",,"[""050-905"", ""050-903"", ""050-904"", ""050-672"", ""24-G-B002""]","[]","[]",,,"[]","[第 1 頁] 顧客抱怨處理資料 異常單號:CPR-K-Q-24-G-B002 0管理異常 0環境異常 @品質異常 開單類別*| ON. 01. 02.製 03. 04 05.內“07.實 08.常 09.合 010.國 @1ll.國 規範“成品 HERR 進料 RE 外部稽核 驗室測試 RE BER NFR WEA 來源單號| 2024070062 . . , |49719-Hampton Pr...","[""客訴"", ""異常"", ""顧客抱怨處理資料"", ""050-905"", ""050-903"", ""050-904""]",PARSED,HIGH,"2025-11-11 17:16:23","2025-11-11 17:16:23"
8,"104a64607ee0a7f76dd02d527d9a0583",FMEA,,"2024-12-06",T鎖-FMEA.pdf,http://pdf-file-server:80/download/104a64607ee0a7f76dd02d527d9a0583/T鎖-FMEA.pdf,/mnt/pdf/done/T鎖-FMEA.pdf,0,"104a64607ee0a7f76dd02d527d9a0583",,"[""12-F06""]","[]","[]",,,"[]",[第 1 頁] DFMEA表 開發案號(R/RD) R24138 制表日期 2024/12/6 修訂日期 版次 1 頁數 1 ／ 1 案件名稱 隱藏式套盤/把手制動穴不易拆卸產品優化(客訴案) 產 品 別 L鎖 結構分析 功能分析 失效分析 風險分析 DFMEA 優化 1.上一 2.關鍵 3.下一 1.上一 2.關鍵 3.下一 1.上一 嚴 2.關鍵 3.下一 失效原 發 失效原 偵 DFME 預...,"[""FMEA"", ""DFMEA表"", ""12-F06""]",PARSED,NORMAL,"2025-11-11 17:16:24","2025-11-11 17:16:24"
9,e754fa86ff2a302b85d8c4e735919667,FMEA,,,R25044 DFMEA表-00.pdf,http://pdf-file-server:80/download/e754fa86ff2a302b85d8c4e735919667/R25044 DFMEA表-00.pdf,/mnt/pdf/done/R25044 DFMEA表-00.pdf,0,e754fa86ff2a302b85d8c4e735919667,,"[""12-F06""]","[]","[]",,,"[]",[第 1 頁] DFMEA 開發案號(R/RD) R25044 制表日期 修訂日期 版次 頁數 案件名稱 GZL hubspace版 產品別 G鎖 結構分析 功能分析 失效分析 風險分析 DFMEA 優化 3.下一 1.上一 3.工作 失效原 失效原 3.下一 2.關鍵 級或較 2.關鍵 改善 1.上一 級或較 1.失效 要因或 因/失效 因/失效 改善 改善 改善 2.關鍵 級或較 因素功 低級...,"[""FMEA"", ""DFMEA表"", ""12-F06""]",PARSED,HIGH,"2025-11-11 17:16:25","2025-11-11 17:16:25"
10,"7082f4d059284c98a2fe1ffcb7c8087a",FMEA,,"2025-07-08",R25053 DFMEA表.pdf,http://pdf-file-server:80/download/7082f4d059284c98a2fe1ffcb7c8087a/R25053 DFMEA表.pdf,/mnt/pdf/done/R25053 DFMEA表.pdf,0,"7082f4d059284c98a2fe1ffcb7c8087a",,"[""12-F06""]","[]","[]",,,"[]",[第 1 頁] DFMEA 開發案號(R/RD) R25053 制表日期 2025/07/08 修訂日期 版次 00 頁數 案件名稱 圓轉方平把手-LH機構 產品別 L鎖 結構分析 功能分析 失效分析 風險分析 DFMEA 優化 3.下一 1.上一 3.工作 失效原 失效原 3.下一 2.關鍵 級或較 2.關鍵 改善 1.上一 級或較 1.失效 要因或 因/失效 因/失效 改善 改善 改善 2.關...,"[""FMEA"", ""DFMEA表"", ""12-F06""]",PARSED,HIGH,"2025-11-11 17:16:26","2025-11-11 17:16:26"
11,"61f12861f2f45dafede85208fbf2b5da",FMEA,,"2025-05-09",R25047 DFMEA-00.pdf,http://pdf-file-server:80/download/61f12861f2f45dafede85208fbf2b5da/R25047 DFMEA-00.pdf,/mnt/pdf/done/R25047 DFMEA-00.pdf,0,"61f12861f2f45dafede85208fbf2b5da",,"[""12-F06""]","[]","[]",,,"[]",[第 1 頁] DFMEA 開發案號(R/RD) R25047 制表日期 2025/5/9 修訂日期 版次 0 頁數 2 案件名稱 單機版矽膠按鍵KPD-有滾花環版(HDC) 產品別 G鎖 結構分析 功能分析 失效分析 風險分析 DFMEA 優化 3.下一 1.上一 3.工作 失效原 失效原 3.下一 2.關鍵 級或較 2.關鍵 1.上一 級或較 1.失效 要因或 因/失效 因/失效 改善 改善 ...,"[""FMEA"", ""DFMEA表"", ""12-F06""]",PARSED,HIGH,"2025-11-11 17:17:27","2025-11-11 17:17:27"
12,f49de1d58c529252fde34af5d6f78359,FMEA,,,R25042 DFMEA表.pdf,http://pdf-file-server:80/download/f49de1d58c529252fde34af5d6f78359/R25042 DFMEA表.pdf,/mnt/pdf/done/R25042 DFMEA表.pdf,0,f49de1d58c529252fde34af5d6f78359,,"[""12-F06""]","[]","[]",,,"[]",[第 1 頁] DFMEA 開發案號(R/RD) R25042 制表日期 修訂日期 版次 頁數 案件名稱 TPD2 藍牙ptcl 3.0 產品別 G鎖 結構分析 功能分析 失效分析 風險分析 DFMEA 優化 3.下一 1.上一 3.工作 失效原 失效原 3.下一 2.關鍵 級或較 2.關鍵 改善 1.上一 級或較 1.失效 要因或 因/失效 因/失效 改善 改善 改善 2.關鍵 級或較 因素功 ...,"[""FMEA"", ""DFMEA表"", ""12-F06""]",PARSED,HIGH,"2025-11-11 17:17:28","2025-11-11 17:17:28"
13,"49df7c5221f54641f794ce2e81b85456",FMEA,,,R25040 DFMEA-00.pdf,http://pdf-file-server:80/download/49df7c5221f54641f794ce2e81b85456/R25040 DFMEA-00.pdf,/mnt/pdf/done/R25040 DFMEA-00.pdf,0,"49df7c5221f54641f794ce2e81b85456",,"[]","[]","[]",,,"[]",[第 1 頁] (cid:151)?(cid:152)(cid:153)4(cid:154)(cid:155)(cid:154)(cid:156)(cid:157) (cid:154)(cid:158)(cid:159)(cid:160)¡(cid:160) ywK¢ £⁄K¢ ¥ƒ §¤ (cid:152)'“« ‹(cid:158)(cid:16)(cid:156)›fifl(cid:176)...,"[""FMEA"", ""DFMEA表""]",PARSED,NORMAL,"2025-11-11 17:17:29","2025-11-11 17:17:29"
14,b9e81b40df92d69903431a89ec14651d,FMEA,,,R25039 DFMEA表-00.pdf,http://pdf-file-server:80/download/b9e81b40df92d69903431a89ec14651d/R25039 DFMEA表-00.pdf,/mnt/pdf/done/R25039 DFMEA表-00.pdf,0,b9e81b40df92d69903431a89ec14651d,,"[""12-F06""]","[]","[]",,,"[]",[第 1 頁] DFMEA 開發案號(R/RD) R25039 制表日期 修訂日期 版次 頁數 案件名稱 D鎖現代風不縮包評估 產品別 D鎖 結構分析 功能分析 失效分析 風險分析 DFMEA 優化 3.下一 1.上一 3.工作 失效原 失效原 3.下一 2.關鍵 級或較 2.關鍵 改善 1.上一 級或較 1.失效 要因或 因/失效 因/失效 改善 改善 改善 2.關鍵 級或較 因素功 低級別 嚴...,"[""FMEA"", ""DFMEA表"", ""12-F06""]",PARSED,HIGH,"2025-11-11 17:17:30","2025-11-11 17:17:30"
15,"58ccf5a00794144796b3a8fbd6e314e9",FMEA,,"2025-05-08",R25038 DFMEA-00.pdf,http://pdf-file-server:80/download/58ccf5a00794144796b3a8fbd6e314e9/R25038 DFMEA-00.pdf,/mnt/pdf/done/R25038 DFMEA-00.pdf,0,"58ccf5a00794144796b3a8fbd6e314e9",,"[""12-F06""]","[]","[]",,,"[]",[第 1 頁] DFMEA 開發案號(R/RD) R25038 制表日期 2025/5/8 修訂日期 2025/5/8 版次 0 頁數 2 案件名稱 單機版矽膠按鍵KPD-無滾花環版(HDC) 產品別 G鎖 結構分析 功能分析 失效分析 風險分析 DFMEA 優化 3.下一 1.上一 3.工作 失效原 失效原 3.下一 2.關鍵 級或較 2.關鍵 1.上一 級或較 1.失效 要因或 因/失效 因/...,"[""FMEA"", ""DFMEA表"", ""12-F06""]",PARSED,HIGH,"2025-11-11 17:17:31","2025-11-11 17:17:31"
16,dea8188db401e9009e8d957aac88c9f0,FMEA,,,R25036_DFMEA表-2.pdf,http://pdf-file-server:80/download/dea8188db401e9009e8d957aac88c9f0/R25036_DFMEA表-2.pdf,/mnt/pdf/done/R25036_DFMEA表-2.pdf,0,dea8188db401e9009e8d957aac88c9f0,,"[""12-F06""]","[]","[]",,,"[]",[第 1 頁] DFMEA 開發案號(R/RD) R25036 制表日期 修訂日期 版次 頁數 案件名稱 Y0D/Y05 AS1428平把手適用RD25023(YJ轉動軸)機構 產品別 Y鎖 結構分析 功能分析 失效分析 風險分析 DFMEA 優化 3.下一 1.上一 3.工作 失效原 失效原 3.下一 2.關鍵 級或較 2.關鍵 改善 1.上一 級或較 1.失效 要因或 因/失效 因/失效 改善...,"[""FMEA"", ""DFMEA表"", ""12-F06""]",PARSED,HIGH,"2025-11-11 17:17:32","2025-11-11 17:17:32"
17,aa83694a158de45ac9afb85e4e4cf906,FMEA,,,R25029 DFMEA-00.pdf,http://pdf-file-server:80/download/aa83694a158de45ac9afb85e4e4cf906/R25029 DFMEA-00.pdf,/mnt/pdf/done/R25029 DFMEA-00.pdf,0,aa83694a158de45ac9afb85e4e4cf906,,"[""12-F06""]","[]","[]",,,"[]",[第 1 頁] DFMEA 開發案號(R/RD) R25029 制表日期 修訂日期 版次 頁數 案件名稱 單機版矽膠按鍵KPL搭配滾花把手(HDC) 產品別 G鎖 結構分析 功能分析 失效分析 風險分析 DFMEA 優化 3.下一 1.上一 3.工作 失效原 失效原 3.下一 2.關鍵 級或較 2.關鍵 改善 1.上一 級或較 1.失效 要因或 因/失效 因/失效 改善 改善 改善 2.關鍵 級或...,"[""FMEA"", ""DFMEA表"", ""12-F06""]",PARSED,HIGH,"2025-11-11 17:17:33","2025-11-11 17:17:33"
18,"0105bc000a1a94eaa56a65d30f8faced",FMEA,,,R25028 DFMEA表-00.pdf,http://pdf-file-server:80/download/0105bc000a1a94eaa56a65d30f8faced/R25028 DFMEA表-00.pdf,/mnt/pdf/done/R25028 DFMEA表-00.pdf,0,"0105bc000a1a94eaa56a65d30f8faced",,"[""12-F06""]","[]","[]",,,"[]",[第 1 頁] DFMEA 開發案號(R/RD) R25028 制表日期 修訂日期 版次 頁數 案件名稱 Taymor Centinel 3 全平面電子鎖-適用57mm (或60mm) 大門厚評估 產品別 G鎖 結構分析 功能分析 失效分析 風險分析 DFMEA 優化 3.下一 1.上一 3.工作 失效原 失效原 3.下一 2.關鍵 級或較 2.關鍵 改善 1.上一 級或較 1.失效 要因或 因/...,"[""FMEA"", ""DFMEA表"", ""12-F06""]",PARSED,HIGH,"2025-11-11 17:17:34","2025-11-11 17:17:34"
19,"6bf901c3a9603d697d0ac94a3fa82081",FMEA,,,R25024 DFMEA.pdf,http://pdf-file-server:80/download/6bf901c3a9603d697d0ac94a3fa82081/R25024 DFMEA.pdf,/mnt/pdf/done/R25024 DFMEA.pdf,0,"6bf901c3a9603d697d0ac94a3fa82081",,"[""12-F06""]","[]","[]",,,"[]",[第 1 頁] DFMEA 開發案號(R/RD) R25024 制表日期 修訂日期 版次 頁數 案件名稱 單機版薄膜指紋KPL-方型(THD) 產品別 G鎖 結構分析 功能分析 失效分析 風險分析 DFMEA 優化 3.下一 1.上一 3.工作 失效原 失效原 3.下一 2.關鍵 級或較 2.關鍵 改善 1.上一 級或較 1.失效 要因或 因/失效 因/失效 改善 改善 改善 2.關鍵 級或較 因...,"[""FMEA"", ""DFMEA表"", ""12-F06""]",PARSED,HIGH,"2025-11-11 17:17:35","2025-11-11 17:17:35"
20,"4b6551d9464e9c3c3b7e588fd0edbea9",FMEA,,,R25023 DFEMA表-00.pdf,http://pdf-file-server:80/download/4b6551d9464e9c3c3b7e588fd0edbea9/R25023 DFEMA表-00.pdf,/mnt/pdf/done/R25023 DFEMA表-00.pdf,0,"4b6551d9464e9c3c3b7e588fd0edbea9",,"[""12-F06""]","[]","[]",,,"[]",[第 1 頁] DFMEA 開發案號(R/RD) R25023 制表日期 修訂日期 版次 頁數 案件名稱 單機版薄膜指紋KPL-城堡型(THD) 產品別 G鎖 結構分析 功能分析 失效分析 風險分析 DFMEA 優化 3.下一 1.上一 3.工作 失效原 失效原 3.下一 2.關鍵 級或較 2.關鍵 改善 1.上一 級或較 1.失效 要因或 因/失效 因/失效 改善 改善 改善 2.關鍵 級或較 ...,"[""FMEA"", ""DFMEA表"", ""12-F06""]",PARSED,HIGH,"2025-11-11 17:17:36","2025-11-11 17:17:36"
21,e2ab529eec23115dd58edc359ab4663d,FMEA,,,R25022 DFMEA-01.pdf,http://pdf-file-server:80/download/e2ab529eec23115dd58edc359ab4663d/R25022 DFMEA-01.pdf,/mnt/pdf/done/R25022 DFMEA-01.pdf,0,e2ab529eec23115dd58edc359ab4663d,,"[""12-F06""]","[]","[]",,,"[]",[第 1 頁] DFMEA 開發案號(R/RD) R25022 制表日期 修訂日期 版次 頁數 案件名稱 單機版薄膜指紋KPD-方型(THD) 產品別 G鎖 結構分析 功能分析 失效分析 風險分析 DFMEA 優化 3.下一 1.上一 3.工作 失效原 失效原 3.下一 2.關鍵 級或較 2.關鍵 改善 1.上一 級或較 1.失效 要因或 因/失效 因/失效 改善 改善 改善 2.關鍵 級或較 因...,"[""FMEA"", ""DFMEA表"", ""12-F06""]",PARSED,HIGH,"2025-11-11 17:18:38","2025-11-11 17:18:38"
22,"0c1086c03a101d1528a27d930f1eb7b4",FMEA,,,R25021 DFEMA表-00.pdf,http://pdf-file-server:80/download/0c1086c03a101d1528a27d930f1eb7b4/R25021 DFEMA表-00.pdf,/mnt/pdf/done/R25021 DFEMA表-00.pdf,0,"0c1086c03a101d1528a27d930f1eb7b4",,"[""12-F06""]","[]","[]",,,"[]",[第 1 頁] DFMEA 開發案號(R/RD) R25021 制表日期 修訂日期 版次 頁數 案件名稱 單機版薄膜指紋KPD-城堡型(THD) 產品別 G鎖 結構分析 功能分析 失效分析 風險分析 DFMEA 優化 3.下一 1.上一 3.工作 失效原 失效原 3.下一 2.關鍵 級或較 2.關鍵 改善 1.上一 級或較 1.失效 要因或 因/失效 因/失效 改善 改善 改善 2.關鍵 級或較 ...,"[""FMEA"", ""DFMEA表"", ""12-F06""]",PARSED,HIGH,"2025-11-11 17:18:39","2025-11-11 17:18:39"
23,f23fa3df306c7e9122e3cb3223bb5f4d,FMEA,,,R25018 DFEMA表-00.pdf,http://pdf-file-server:80/download/f23fa3df306c7e9122e3cb3223bb5f4d/R25018 DFEMA表-00.pdf,/mnt/pdf/done/R25018 DFEMA表-00.pdf,0,f23fa3df306c7e9122e3cb3223bb5f4d,,"[""12-F06""]","[]","[]",,,"[]",[第 1 頁] DFMEA 開發案號(R/RD) R25018 制表日期 修訂日期 版次 頁數 案件名稱 Compact Hubspace Lever版 產品別 G鎖 結構分析 功能分析 失效分析 風險分析 DFMEA 優化 3.下一 1.上一 3.工作 失效原 失效原 3.下一 2.關鍵 級或較 2.關鍵 改善 1.上一 級或較 1.失效 要因或 因/失效 因/失效 改善 改善 改善 2.關鍵 ...,"[""FMEA"", ""DFMEA表"", ""12-F06""]",PARSED,HIGH,"2025-11-11 17:18:40","2025-11-11 17:18:40"
24,"3a2b63ac0178683cc420142a79acbc30",FMEA,,"2025-04-07",R25017 DFMEA表.pdf,http://pdf-file-server:80/download/3a2b63ac0178683cc420142a79acbc30/R25017 DFMEA表.pdf,/mnt/pdf/done/R25017 DFMEA表.pdf,0,"3a2b63ac0178683cc420142a79acbc30",,"[""12-F06""]","[]","[]",,,"[]",[第 1 頁] DFMEA 開發案號(R/RD) R25017 制表日期 2025/04/07 修訂日期 版次 00 頁數 1/2 案件名稱 指紋Compact Hubspace 產品別 G鎖 結構分析 功能分析 失效分析 風險分析 DFMEA 優化 3.下一 1.上一 3.工作 失效原 失效原 3.下一 2.關鍵 級或 2.關鍵 1.上一 級或 1.失效 要因 因/失效 因/失效 改善 改善 改...,"[""FMEA"", ""DFMEA表"", ""12-F06""]",PARSED,HIGH,"2025-11-11 17:18:41","2025-11-11 17:18:41"
25,"990b0260df99ee4a1eefc7d8f70eb09d",FMEA,,,R25015-DFMEA表-00.pdf,http://pdf-file-server:80/download/990b0260df99ee4a1eefc7d8f70eb09d/R25015-DFMEA表-00.pdf,/mnt/pdf/done/R25015-DFMEA表-00.pdf,0,"990b0260df99ee4a1eefc7d8f70eb09d",,"[""12-F06""]","[]","[]",,,"[]",[第 1 頁] DFMEA 開發案號(R/RD) R25015 制表日期 修訂日期 版次 頁數 案件名稱 TAV不鏽鋼及銅版本00.10.30功能完整評估 產品別 T鎖 結構分析 功能分析 失效分析 風險分析 DFMEA 優化 3.下一 1.上一 3.工作 失效原 失效原 3.下一 2.關鍵 級或較 2.關鍵 改善 1.上一 級或較 1.失效 要因或 因/失效 因/失效 改善 改善 改善 2.關鍵...,"[""FMEA"", ""DFMEA表"", ""12-F06""]",PARSED,HIGH,"2025-11-11 17:18:42","2025-11-11 17:18:42"
26,"2e5196cd0f2278835c1e97849b07e14c",FMEA,,,R25013 DFMEA表.pdf,http://pdf-file-server:80/download/2e5196cd0f2278835c1e97849b07e14c/R25013 DFMEA表.pdf,/mnt/pdf/done/R25013 DFMEA表.pdf,0,"2e5196cd0f2278835c1e97849b07e14c",,"[""12-F06""]","[]","[]",,,"[]",[第 1 頁] DFMEA 開發案號(R/RD) R25013 制表日期 修訂日期 版次 頁數 案件名稱 新款平把手 00.10.30 LH機構 G3 78度(Lowe's) 產品別 L鎖 結構分析 功能分析 失效分析 風險分析 DFMEA 優化 3.下一 1.上一 3.工作 失效原 失效原 3.下一 2.關鍵 級或較 2.關鍵 改善 1.上一 級或較 1.失效 要因或 因/失效 因/失效 改善 ...,"[""FMEA"", ""DFMEA表"", ""12-F06""]",PARSED,HIGH,"2025-11-11 17:18:43","2025-11-11 17:18:43"
27,eb3488d0b29c1adba1464f8778773f0b,FMEA,,,R25011 DFMEA-00.pdf,http://pdf-file-server:80/download/eb3488d0b29c1adba1464f8778773f0b/R25011 DFMEA-00.pdf,/mnt/pdf/done/R25011 DFMEA-00.pdf,0,eb3488d0b29c1adba1464f8778773f0b,,"[]","[]","[]",,,"[]",[第 1 頁] FMEA 開發案號 案件名稱 FMEA 規範 產品別 結構分析 功能分析 問題描述(失效模式) 1.失效影響(FE) 2 式 .關 (F 鍵 M) 因素的失效模 3 原 .工 因 作 (F 要 C) 因或的失效 失 預 效 防 原 措 因 施 / ( 失 PC 效 ) 模式的 偵 失 測 效 措 原 施 因 ( /失 DC 效 ) 模式的嚴重度S發生度O難檢度DRPN 預防措施 偵...,"[""FMEA"", ""DFMEA表""]",PARSED,HIGH,"2025-11-11 17:18:44","2025-11-11 17:18:44"
28,d5254b0565b2e6587c6d64ecf0bfea1b,FMEA,,,R25010-DFMEA表-00.pdf,http://pdf-file-server:80/download/d5254b0565b2e6587c6d64ecf0bfea1b/R25010-DFMEA表-00.pdf,/mnt/pdf/done/R25010-DFMEA表-00.pdf,0,d5254b0565b2e6587c6d64ecf0bfea1b,,"[""12-F06""]","[]","[]",,,"[]","[第 1 頁] DFMEA 開發案號(R/RD) R25010 制表日期 修訂日期 版次 頁數 案件名稱 SEY (H0Y+H0Y)大把手鎖, 45度, 內側為現代風套筒機構 產品別 H鎖 結構分析 功能分析 失效分析 風險分析 DFMEA 優化 3.下一 1.上一 3.工作 失效原 失效原 3.下一 2.關鍵 級或較 2.關鍵 改善 1.上一 級或較 1.失效 要因或 因/失效 因/失效 改善 ...","[""FMEA"", ""DFMEA表"", ""12-F06""]",PARSED,HIGH,"2025-11-11 17:18:45","2025-11-11 17:18:45"
29,"15c587764d8dcb3e5359c06a0b413128",FMEA,,,R25007 DMEA-00.pdf,http://pdf-file-server:80/download/15c587764d8dcb3e5359c06a0b413128/R25007 DMEA-00.pdf,/mnt/pdf/done/R25007 DMEA-00.pdf,0,"15c587764d8dcb3e5359c06a0b413128",,"[]","[]","[]",,,"[]",[第 1 頁] FMEA 開發案號 案件名稱 FMEA 規範 產品別 結構分析 功能分析 問題描述(失效模式) 1.失效影響(FE) 2 式 .關 (F 鍵 M) 因素的失效模 3 原 .工 因 作 (F 要 C) 因或的失效 失 預 效 防 原 措 因 施 / ( 失 PC 效 ) 模式的 偵 失 測 效 措 原 施 因 ( /失 DC 效 ) 模式的嚴重度S發生度O難檢度DRPN 預防措施 偵...,"[""FMEA"", ""DFMEA表""]",PARSED,HIGH,"2025-11-11 17:18:46","2025-11-11 17:18:46"
30,"3a0145806cdb6842c1449021547e33b6",FMEA,,"2024-12-07",R24213 DFMEA表-00.pdf,http://pdf-file-server:80/download/3a0145806cdb6842c1449021547e33b6/R24213 DFMEA表-00.pdf,/mnt/pdf/done/R24213 DFMEA表-00.pdf,0,"3a0145806cdb6842c1449021547e33b6",,"[""12-F06""]","[]","[]",,,"[]",[第 1 頁] DFMEA表 開發案號(R/RD) R24213 RD24116 制表日期 2024/12/7 修訂日期 版次 1 頁數 1 ／ 1 案件名稱 GZA (Radius)改空中接頭並搭配新齒輪比 產 品 別 結構分析 功能分析 失效分析 風險分析 DFMEA 優化 1.上一 2.關鍵 3.下一 1.上一 2.關鍵 3.下一 1.上一級 嚴 2.關鍵 3.下一 失效原 發 失效原 偵 ...,"[""FMEA"", ""DFMEA表"", ""12-F06""]",PARSED,NORMAL,"2025-11-11 17:18:47","2025-11-11 17:18:47"
31,fa8ba80bf555c76f7b68b48e340c102d,FMEA,,,R24204 DFMEA表.pdf,http://pdf-file-server:80/download/fa8ba80bf555c76f7b68b48e340c102d/R24204 DFMEA表.pdf,/mnt/pdf/done/R24204 DFMEA表.pdf,0,fa8ba80bf555c76f7b68b48e340c102d,,"[]","[]","[]",,,"[]",[第 1 頁] FMEA 3.工作要 失效原因/ 失效原因/ 問題描述 2.關鍵因 1.失效影 因或的失 失效模式 失效模式 嚴重度 發生度 難檢度 預定完成 改善結果 改善結果 改善結果 改善結果 開發案號 案件名稱 FMEA 規範 產品別 結構分析 功能分析 (失效模 素的失效 RPN 預防措施 偵測措施 執行單位 響(FE) 效原因 的預防措 的偵測措 S O D 日 S O D PRN 式...,"[""FMEA"", ""DFMEA表""]",PARSED,HIGH,"2025-11-11 17:19:48","2025-11-11 17:19:48"
32,"349d95ec31ac52e624da42d9abc718e6",FMEA,,"2024-12-23",R24203 DFEMA表-00.pdf,http://pdf-file-server:80/download/349d95ec31ac52e624da42d9abc718e6/R24203 DFEMA表-00.pdf,/mnt/pdf/done/R24203 DFEMA表-00.pdf,0,"349d95ec31ac52e624da42d9abc718e6",,"[""12-F06""]","[]","[]",,,"[]",[第 1 頁] DFMEA表 開發案號(R/RD) R24203 制表日期 2024/12/23 修訂日期 版次 1 頁數 1 ／ 1 案件名稱 GC2方型九宮格Neo Touch搭配新面板_單機版 (內側塑膠款) 產 品 別 G鎖 結構分析 功能分析 失效分析 風險分析 DFMEA 優化 1.上一 2.關鍵 3.下一 1.上一 2.關鍵 3.下一 1.上一級 嚴 2.關鍵 3.下一 失效原 發 ...,"[""FMEA"", ""DFMEA表"", ""12-F06""]",PARSED,NORMAL,"2025-11-11 17:19:49","2025-11-11 17:19:49"
33,"9f4c2d28b4e4b852cb130b809f1269b3",FMEA,,"2024-11-21",R24199 DFMEA表.pdf,http://pdf-file-server:80/download/9f4c2d28b4e4b852cb130b809f1269b3/R24199 DFMEA表.pdf,/mnt/pdf/done/R24199 DFMEA表.pdf,0,"9f4c2d28b4e4b852cb130b809f1269b3",,"[""12-F06""]","[]","[]",,,"[]",[第 1 頁] DFMEA表 開發案號(R/RD) R24199 制表日期 2024/11/21 修訂日期 版次 1 頁數 1 ／ 1 案件名稱 倒角平把手LS55(F0功能)延伸開發輕量有鎖匙現代風10&30 產 品 別 L鎖 結構分析 功能分析 失效分析 風險分析 DFMEA 優化 1.上一 2.關鍵 3.下一 1.上一 2.關鍵 3.下一 1.上一級 嚴 2.關鍵 3.下一 失效原 發 失效...,"[""FMEA"", ""DFMEA表"", ""12-F06""]",PARSED,NORMAL,"2025-11-11 17:19:50","2025-11-11 17:19:50"
34,"5cc3fe51bb018ae3db1568ea30b05c15",FMEA,,"2025-01-10",R24183 DFEMA表-00.pdf,http://pdf-file-server:80/download/5cc3fe51bb018ae3db1568ea30b05c15/R24183 DFEMA表-00.pdf,/mnt/pdf/done/R24183 DFEMA表-00.pdf,0,"5cc3fe51bb018ae3db1568ea30b05c15",,"[""12-F06""]","[]","[]",,,"[]",[第 1 頁] DFMEA表 開發案號(R/RD) R24183 制表日期 2025/1/10 修訂日期 版次 1 頁數 1 ／ 1 案件名稱 電子平把手鎖搭配易換珠鎖匙組合(K溝) 產 品 別 G鎖 結構分析 功能分析 失效分析 風險分析 DFMEA 優化 1.上一 2.關鍵 3.下一 1.上一 2.關鍵 3.下一 1.上一級 嚴 2.關鍵 3.下一 失效原 發 失效原 偵 DFMEA 預 偵 ...,"[""FMEA"", ""DFMEA表"", ""12-F06""]",PARSED,NORMAL,"2025-11-11 17:19:51","2025-11-11 17:19:51"
35,"693fc72ffb70fea0ca97569b9bcbf340",FMEA,,"2024-12-27",R24181-DFMEA-00.pdf,http://pdf-file-server:80/download/693fc72ffb70fea0ca97569b9bcbf340/R24181-DFMEA-00.pdf,/mnt/pdf/done/R24181-DFMEA-00.pdf,0,"693fc72ffb70fea0ca97569b9bcbf340",,"[""12-F06""]","[]","[]",,,"[]",[第 1 頁] DFMEA表 開發案號(R/RD) R24181 制表日期 2024/12/27 修訂日期 版次 1 頁數 1 ／ 1 案件名稱 改善商用D鎖SFIC.LFIC小門厚加裝輔助墊圈鎖固易鬆脫 產 品 別 結構分析 功能分析 失效分析 風險分析 DFMEA 優化 1.上一 2.關鍵 3.下一 1.上一 2.關鍵 3.下一 1.上一 嚴 2.關鍵 3.下一 失效原 發 失效原 偵 DFM...,"[""FMEA"", ""DFMEA表"", ""12-F06""]",PARSED,NORMAL,"2025-11-11 17:19:52","2025-11-11 17:19:52"
36,"835a051a97b7256348d02aee53ce169a",FMEA,,"2025-03-10",R24178-DFMEA-00.pdf,http://pdf-file-server:80/download/835a051a97b7256348d02aee53ce169a/R24178-DFMEA-00.pdf,/mnt/pdf/done/R24178-DFMEA-00.pdf,0,"835a051a97b7256348d02aee53ce169a",,"[""12-F06""]","[]","[]",,,"[]",[第 1 頁] DFMEA 開發案號(R/RD) R24178 制表日期 2025/03/10 修訂日期 版次 00 頁數 案件名稱 續 HDC (RD24048及RD24037)G2 產品測試優化 產品別 L鎖 結構分析 功能分析 失效分析 風險分析 DFMEA 優化 3.下一 1.上一 3.工作 失效原 失效原 3.下一 2.關鍵 級或較 2.關鍵 1.上一 級或較 1.失效 要因或 因/失效...,"[""FMEA"", ""DFMEA表"", ""12-F06""]",PARSED,HIGH,"2025-11-11 17:19:53","2025-11-11 17:19:53"
37,"7c00fc0a1174a69a34527104dd6fb731",FMEA,,"2024-11-09",R24176 DFMEA表-00.pdf,http://pdf-file-server:80/download/7c00fc0a1174a69a34527104dd6fb731/R24176 DFMEA表-00.pdf,/mnt/pdf/done/R24176 DFMEA表-00.pdf,0,"7c00fc0a1174a69a34527104dd6fb731",,"[]","[]","[]",,,"[]",[第 1 頁] DFMEA表 開發案號(R/RD) R24176 制表日期 2024/11/9 修訂日期 版次 1 頁數 1 ／ 1 案件名稱 Grade A機構(大把手鎖)取消內側套盤整修 產 品 別 H鎖 結構分析 功能分析 失效分析 風險分析 DFMEA 優化 1.上一 2.關鍵 3.下一 1.上一 2.關鍵 3.下一 1.上一級 嚴 2.關鍵 3.下一 失效原 發 失效原 偵 DFMEA ...,"[""FMEA"", ""DFMEA表""]",PARSED,NORMAL,"2025-11-11 17:19:54","2025-11-11 17:19:54"
38,"63589af48b1a84bfddf986bd5711d2d2",FMEA,,"2024-09-28",R24159 DFMEA表.pdf,http://pdf-file-server:80/download/63589af48b1a84bfddf986bd5711d2d2/R24159 DFMEA表.pdf,/mnt/pdf/done/R24159 DFMEA表.pdf,0,"63589af48b1a84bfddf986bd5711d2d2",,"[""12-F06""]","[]","[]",,,"[]",[第 1 頁] DFMEA表 開發案號(R/RD) R24159 制表日期 2024/9/28 修訂日期 版次 1 頁數 1 ／ 1 案件名稱 TPN1/2 代 內側機板 (增加防水膠)評估 產 品 別 G鎖 結構分析 功能分析 失效分析 風險分析 DFMEA 優化 1.上一 2.關鍵 3.下一 1.上一 2.關鍵 3.下一 1.上一 嚴 2.關鍵 3.下一 失效原 發 失效原 偵 DFME 預 ...,"[""FMEA"", ""DFMEA表"", ""12-F06""]",PARSED,NORMAL,"2025-11-11 17:19:55","2025-11-11 17:19:55"
39,f97675b378548c68a58b04df0be5ac0e,ECN_NOTICE,EC-K-24-D-095,"2024-04-18",L鎖-設變單通知單.pdf,http://pdf-file-server:80/download/f97675b378548c68a58b04df0be5ac0e/L鎖-設變單通知單.pdf,/mnt/pdf/done/L鎖-設變單通知單.pdf,0,f97675b378548c68a58b04df0be5ac0e,,"[""02-B02"", ""24-D-095""]","[]","[]",李清萬,,"[]","[第 1 頁] 單號:L113143 日期:2024/4/18 @設變申請單號: EC-K-24-D-095 @適用規範: 全部 0開發案號: 0不適用規範: BAA: 改善LP機構上倘後從外側解鎖品質議題,故彈簧帶動板增加滲碳,驗證可符合(9等級上鎖扭力 設變申請人:李清萬 0無庫 |, 數 儲 使用完 接 搭配後餘數 在 品號 a 位 畢 報 整修後續用 UB fs 其他說明 | 有褒 | 廢...","[""設變通知單"", ""設變"", ""通知"", ""設變說明"", ""02-B02"", ""24-D-095""]",PARSED,NORMAL,"2025-11-11 17:19:56","2025-11-11 17:19:56"
40,"29f383c52a6df13fdccf717b810a8bf5",ECN_APPLICATION,,"2024-04-08",L鎖-設變單申請單.pdf,http://pdf-file-server:80/download/29f383c52a6df13fdccf717b810a8bf5/L鎖-設變單申請單.pdf,/mnt/pdf/done/L鎖-設變單申請單.pdf,0,"29f383c52a6df13fdccf717b810a8bf5",,"[]","[]","[]",,,"[]","[第 1 頁] 2% “|內側彈簧帶動板 客戶要求“ 品質改善“ 製程變更“設計合理化“尺寸放 緣由 寬 材質/材規變更“規範編號: 附圖面1份 RD、R或PD案號: 客訴單號: 其他 因為客訴鎖體上鎖後能從外側把手輕易解鎖,修 製程 NA 增加滲碳處理 改內側彈簧帶動板 KS th FH 庫存處理 數 |儲 使用完 ra 搭配後餘數 報廢 申請 i 單位 (請填右表)) G05-1- 可 整箱 ...","[""申請單"", ""申請單位"", ""緣由"", ""設變執行""]",PARSED,NORMAL,"2025-11-11 17:19:57","2025-11-11 17:19:57"
41,"01021af2bf1ad9c746a879e4e9e79742",COMPLAINT,,"2020-05-22",L鎖-客訴資料.pdf,http://pdf-file-server:80/download/01021af2bf1ad9c746a879e4e9e79742/L鎖-客訴資料.pdf,/mnt/pdf/done/L鎖-客訴資料.pdf,0,"01021af2bf1ad9c746a879e4e9e79742",,"[""24-D-B002""]","[]","[]",,,"[]",[第 1 頁] 異常單號:CPR~K-Q-24-D-B002 0管理異常 0環境異常 @品質異常 開單類別*| 00.規 OLR O2. BRR 03.進 04.驗 OF. IR OF. FRE “08.常熟客 09.合興客 010. 國內容 @11. BHF 範 品 榔 料 發 稽核 測試 訴 訴 訴 訴 來源單號| 2024040038 eee) 客戶代號/名稱| 1364-TAYMOR IN...,"[""客訴"", ""異常"", ""顧客抱怨處理資料"", ""24-D-B002""]",PARSED,HIGH,"2025-11-11 17:20:58","2025-11-11 17:20:58"
42,e7df00f5304e0ba1cd5bdc11276d4597,ECN_NOTICE,EC-K-23-A-709,"2023-02-08",L112026.pdf,http://pdf-file-server:80/download/e7df00f5304e0ba1cd5bdc11276d4597/L112026.pdf,/mnt/pdf/done/L112026.pdf,0,e7df00f5304e0ba1cd5bdc11276d4597,,"[""01-B01"", ""23-A-709""]","[]","[]",鐘培元,,"[]","[第 1 頁] 設變通知單 單號 :L112026 日期:2023/2/8 @設變申請單號: EC-K-23-A-709 @適用規範: 全部 0開發案號: 0不適用規範: = 8 : GOO-KPLAS19A ~ GOO-KPLAB19A~G00- la . 設變說明 : 依MD22072 小KPL排線安裝優化結案,因小KPL底板變更,故同步修改現有排線安裝方式相關說 設變申請人: 鐘培元 , 數...","[""設變通知單"", ""設變"", ""通知"", ""設變說明"", ""01-B01"", ""23-A-709""]",PARSED,NORMAL,"2025-11-11 17:20:59","2025-11-11 17:20:59"
43,de8e5d8f1c2ab5a2b72d08ac7f6160af,ECN_NOTICE,,"2023-09-14",L112025R.pdf,http://pdf-file-server:80/download/de8e5d8f1c2ab5a2b72d08ac7f6160af/L112025R.pdf,/mnt/pdf/done/L112025R.pdf,0,de8e5d8f1c2ab5a2b72d08ac7f6160af,,"[""02-B02"", ""23-I"", ""23-A-O1T"", ""659-KPLOOI4A"", ""12-B02""]","[""| |""]","[]",黃福志、溫婷安,,"[]",[第 1 頁] 設變通知單 單號:L112025R 日期:2023/9/14 CR HS HOK-23-A-O1T - BOK-23-I-] @ swaps: aap % 3 : 0B5-GL3510 ~ 0B5-GL3549 » OB5- id cee cae wisees GL3549AL + 3<G59-KPLAF14A + G59-KPLOOI4A «— |耳名:內側底板、內側底板組合、※...,"[""設變通知單"", ""設變"", ""通知"", ""設變說明"", ""02-B02"", ""23-I"", ""23-A-O1T""]",PARSED,NORMAL,"2025-11-11 17:21:00","2025-11-11 17:21:00"
44,f43f733a31295a4841c73f7055421e50,ECN_NOTICE,"0","2023-02-09",L112025.pdf,http://pdf-file-server:80/download/f43f733a31295a4841c73f7055421e50/L112025.pdf,/mnt/pdf/done/L112025.pdf,0,f43f733a31295a4841c73f7055421e50,,"[""01-B01"", ""12-B02""]","[]","[]",黃福志,,"[]","[第 1 頁] Zt = 設變通知單 單號 :L112025 日期:2023/2/9 0開發案號: 0不適用規範: 品號:0B5-GL3510、0B5-GL3549、0B5- 設變說明 : 配合RD22072 小KPL排線安裝優化結案,0B5-GL3510追加改善機構及尺寸標註及0B5-GL3549/AL 修改圖示; 此案GS/22/32規範待取得客戶同意後另行提出專用說明書設變 設變申請人:黃福...","[""設變通知單"", ""設變"", ""通知"", ""設變說明"", ""01-B01"", ""12-B02""]",PARSED,NORMAL,"2025-11-11 17:21:01","2025-11-11 17:21:01"
45,"0a0b15237edb6e384ba0dd182041d75f",ECN_NOTICE,"0","2023-02-02",L112024.pdf,http://pdf-file-server:80/download/0a0b15237edb6e384ba0dd182041d75f/L112024.pdf,/mnt/pdf/done/L112024.pdf,0,"0a0b15237edb6e384ba0dd182041d75f",,"[""01-B01"", ""02-D01""]","[]","[]",高意婷,,"[]","[第 1 頁] 設變通知單 單號 :L112024 日期:2023/2/2 0開發案號: 0不適用規範: 設變說明 : 依常熟廠反應,因零件盒放置不易卡合造成產線工序問題,導致常停線易產生量產調整,故優 化此零件盒刀模設計 設變申請人: 高意婷 數 lee lem be 搭配後餘數 PRE 庫存處理 |品號 「量 [位 ie ~ ie eben Gees te |其他說明 @ 無庫存 廢 單位 0...","[""設變通知單"", ""設變"", ""通知"", ""設變說明"", ""01-B01"", ""02-D01""]",PARSED,NORMAL,"2025-11-11 17:21:02","2025-11-11 17:21:02"
46,ba516afbbbbb47ba7e95cfa930dc3aa3,ECN_NOTICE,"0","2023-02-02",L112023.pdf,http://pdf-file-server:80/download/ba516afbbbbb47ba7e95cfa930dc3aa3/L112023.pdf,/mnt/pdf/done/L112023.pdf,0,ba516afbbbbb47ba7e95cfa930dc3aa3,,"[""01-B01"", ""00X9""]","[]","[]",許惠渝,,"[]","[第 1 頁] 設變通知單 單號 :L112023 日期:2023/2/2 0開發案號: 0不適用規範: 配合縮短製程,改由外購件資勇帶到好 設變申請人:許惠渝 |= 報廢 庫存處理 [品號 EE |重用完 |著整修後續用 RRM 貴任 |其他說明 0無庫存 ps 單位 @有庫存 , 0整箱 00X9- Oy |— |, 採購 (LAR) tine! | [8% Le 品 oe 部 委外件:黑胚(...","[""設變通知單"", ""設變"", ""通知"", ""設變說明"", ""01-B01"", ""00X9""]",PARSED,NORMAL,"2025-11-11 17:21:03","2025-11-11 17:21:03"
47,a6ae7b49d328e09bad008eb319d4c1ae,ECN_NOTICE,"0","2023-02-02",L112022.pdf,http://pdf-file-server:80/download/a6ae7b49d328e09bad008eb319d4c1ae/L112022.pdf,/mnt/pdf/done/L112022.pdf,0,a6ae7b49d328e09bad008eb319d4c1ae,,"[""01-B01""]","[]","[]",HE,,"[]","[第 1 頁] Zt 說 單號 :L112022 日期:2023/2/2 OC 開發案號: 0)不適用規範: 3% : OBV1-GN4474-B7 ~ OBVI-GN4474-B7CA* la» . kaif 設變說明: 因內側電源線外露,鎖骨安裝時不慎壓傷電源排線,故變更電源線固定方式 設變申請人: HE 國也 報廢 庫存處理 |品號 ER |甘 |整修後續用 |抄本後條數 ee 其他說明 O...","[""設變通知單"", ""設變"", ""通知"", ""設變說明"", ""01-B01""]",PARSED,NORMAL,"2025-11-11 17:21:04","2025-11-11 17:21:04"
48,"053bb55c260e81cd430f484fbcb48c68",ECN_NOTICE,EC-K-23-A-707,"2023-02-02",L112021.pdf,http://pdf-file-server:80/download/053bb55c260e81cd430f484fbcb48c68/L112021.pdf,/mnt/pdf/done/L112021.pdf,0,"053bb55c260e81cd430f484fbcb48c68",,"[""001-HD4398"", ""01-B01"", ""001-HH1398"", ""00-2000H80A"", ""001-H""]","[]","[]",盧巧金,,"[]","[第 1 頁] at > 設變通知單 單號:L112021 日期:2023/2/2 @)設變申請單號: EC-K-23-A-707 @) 適用規範: GU 0開發案號: 0不適用規範: 設變說明 : 因S00-2100H80A加強隔板用於內側輔助鎖,更正為S00-2000H80A用於外側裝飾輔助鎖(加強隔 板由廢料取出),包裝標準同步修訂 設變申請人:盧巧金 » (= 報廢 庫存處理 |品號 ER...","[""設變通知單"", ""設變"", ""通知"", ""設變說明"", ""001-HD4398"", ""01-B01"", ""001-HH1398""]",PARSED,NORMAL,"2025-11-11 17:21:05","2025-11-11 17:21:05"
49,"4b6ea60701500fede78b8e4f0458daea",ECN_NOTICE,"0","2023-02-02",L112020.pdf,http://pdf-file-server:80/download/4b6ea60701500fede78b8e4f0458daea/L112020.pdf,/mnt/pdf/done/L112020.pdf,0,"4b6ea60701500fede78b8e4f0458daea",,"[""01-B01""]","[]","[]",陳虹走,,"[]","[第 1 頁] 設變通知單 單號 :L112020 日期:2023/2/2 0開發案號 : 0不適用規範: 設變說明 : 因原主要委外研磨廠商為彰盛,且自帶清洗製程;目前改鴻展為主要委外研磨廠商,不帶清 洗,故需由廠內清洗後,再委外研麻 設變申請人:陳虹走 |= 報廢 庫存處理 |g號 ER BR leis ohm as 責任 |其他說明 @ 無庫存 廢 單位 0有庫存 _ 0整箱 (見右表) O...","[""設變通知單"", ""設變"", ""通知"", ""設變說明"", ""01-B01""]",PARSED,NORMAL,"2025-11-11 17:21:06","2025-11-11 17:21:06"
50,"7a2f8cb3821bfeeb3d9ddad2f5d4b5ef",ECN_NOTICE,EC-K-23-A-704,"2023-01-19",L112018.pdf,http://pdf-file-server:80/download/7a2f8cb3821bfeeb3d9ddad2f5d4b5ef/L112018.pdf,/mnt/pdf/done/L112018.pdf,0,"7a2f8cb3821bfeeb3d9ddad2f5d4b5ef",,"[""01-B01"", ""23-A-704""]","[]","[]",石曉好,,"[]","[第 1 頁] Zt 六 單號 :L112018 日期 :2023/1/19 @設變申請單號: EC-K-23-A-704 @適用規範: A 0開發案號: 0不適用規範: 28 : CLAQ-0963000601 » CLAQ-0963010001~ | » - - 0060500801、C49-0000074 [A RRL SUR 設變說明 : 依客戶要求,針對標誌卡及外箱嘜頭版面修訂 設變申請...","[""設變通知單"", ""設變"", ""通知"", ""設變說明"", ""01-B01"", ""23-A-704""]",PARSED,NORMAL,"2025-11-11 17:22:10","2025-11-11 17:22:10"
51,"47b819ea7f30c7ebab464110fd9bebe2",ECN_NOTICE,EC-K-23-A-703,"2023-01-19",L112017.pdf,http://pdf-file-server:80/download/47b819ea7f30c7ebab464110fd9bebe2/L112017.pdf,/mnt/pdf/done/L112017.pdf,0,"47b819ea7f30c7ebab464110fd9bebe2",,"[""01-B01"", ""23-A-703""]","[]","[]",盧巧金,,"[]","[第 1 頁] 設變通知單 單號 :L112017 日期:2023/1/19 @設變申請單號: EC-K-23-A-703 @適用規範: CU 0開發案號: 0不適用規範 : 設變說明: 因罰7大把手鎖真裝下蓋第一時間沒有移除BHMA文案就上傳黑白稿,故更正黑白稿重新上傳, 現況實際物料為正確文案 設變申請人:盧巧金 數 lee |使用完 2 搭配後餘數 PRE 庫存處理 |品號 elm ely ...","[""設變通知單"", ""設變"", ""通知"", ""設變說明"", ""01-B01"", ""23-A-703""]",PARSED,NORMAL,"2025-11-11 17:22:11","2025-11-11 17:22:11"
52,f0ce02b49d5ce9b26e774f9e29244064,ECN_NOTICE,"0","2023-01-19",L112016.pdf,http://pdf-file-server:80/download/f0ce02b49d5ce9b26e774f9e29244064/L112016.pdf,/mnt/pdf/done/L112016.pdf,0,f0ce02b49d5ce9b26e774f9e29244064,,"[""01-B01""]","[]","[]",吳建廷,,"[]","[第 1 頁] 2jt = 設變通知單 單號:L112016 日期:2023/1/19 0開發案號 : 0不適用規範: 設變說明 : 外箱條碼PO貼紙現為外購件,改由廠內條碼貼紙機列印外箱條碼貼紙 設變申請人:吳建廷 圖同 報廢 庫存處理 |品號 。 EE EASE lem ERE 責任 |其他說明 0無庫存 廢 單位 @有庫存 ORR OKP- oq |一 G 製三 |外箱PO貼紙新舊品 (見右...","[""設變通知單"", ""設變"", ""通知"", ""設變說明"", ""01-B01""]",PARSED,NORMAL,"2025-11-11 17:22:12","2025-11-11 17:22:12"
53,bd12ff8a020855099b0ade2b4a14f120,ECN_NOTICE,"0","2023-01-19",L112015.pdf,http://pdf-file-server:80/download/bd12ff8a020855099b0ade2b4a14f120/L112015.pdf,/mnt/pdf/done/L112015.pdf,0,bd12ff8a020855099b0ade2b4a14f120,,"[""01-B01""]","[]","[]",黃福志,,"[]","[第 1 頁] Zt : 33: 1112015 日期 :2023/1/19 0開發案號: 0不適用規範: 設變說明: 依RD22021 Allegion Lychee KPD基板複式供應商開發結案,電子鎖總組合回面新增WG040基板 複式供應商 設變申請人:黃福志 (|e 報廢 庫存處理 |品號 I ERS IE |整修後續用 RRM 貴任 |其他說明 @ 無庫存 廢 單位 OR RR OF 0...","[""設變通知單"", ""設變"", ""通知"", ""設變說明"", ""01-B01""]",PARSED,NORMAL,"2025-11-11 17:22:13","2025-11-11 17:22:13"
54,fd535eba578e3bc8715c04893faa07cb,ECN_NOTICE,"0","2023-01-19",L112014.pdf,http://pdf-file-server:80/download/fd535eba578e3bc8715c04893faa07cb/L112014.pdf,/mnt/pdf/done/L112014.pdf,0,fd535eba578e3bc8715c04893faa07cb,,"[""01-B01""]","[]","[]",黃福志,,"[]","[第 1 頁] Sl gh > 設變通知單 單號 :L112014 日期 :2023/1/19 0 開發案號: 0)不適用規範 : 23% : GKOWG1 9LYSDOAA- a FWPSRMSSBSL4SKDBSOS | APL TARR 設變說明: 依RD22020 Allegion Lychee KPL 基板複式供應商開發結案,新增WG040基板複式供應商 設變申請人:黃福志 x be l...","[""設變通知單"", ""設變"", ""通知"", ""設變說明"", ""01-B01""]",PARSED,NORMAL,"2025-11-11 17:22:14","2025-11-11 17:22:14"
55,bf9929d9614fb95ab5f5d083c2f5941f,ECN_NOTICE,EC-K-23-A-002,"2023-01-13",L112013.pdf,http://pdf-file-server:80/download/bf9929d9614fb95ab5f5d083c2f5941f/L112013.pdf,/mnt/pdf/done/L112013.pdf,0,bf9929d9614fb95ab5f5d083c2f5941f,,"[""001-T06644"", ""23-A-002"", ""01-B01""]","[""內外側套盤""]","[]",,,"[]","[第 1 頁] 設變通知單 單號 : L112013 日期:2023/1/13 @設變申請單號: EC-K-23-A-002 @ 適用規範: 全部 0開發案號 : 0不適用規範 : 品號:001-T06644(18)XJ,如附件 品名: 內外側套盤 設變說明 : 為館省成本,故針對1/4/6/7型套盤變更材料/材質/pitch(如附件) BR PRA: RAF dase i i lem esi R...","[""設變通知單"", ""設變"", ""通知"", ""設變說明"", ""001-T06644"", ""23-A-002"", ""01-B01""]",PARSED,NORMAL,"2025-11-11 17:22:15","2025-11-11 17:22:15"
56,f6aca3514e6b2a3bfcdc34559c921954,ECN_NOTICE,"0","2023-01-19",L112012.pdf,http://pdf-file-server:80/download/f6aca3514e6b2a3bfcdc34559c921954/L112012.pdf,/mnt/pdf/done/L112012.pdf,0,f6aca3514e6b2a3bfcdc34559c921954,,"[""372*252"", ""01-B01"", ""372*1"", ""376*257"", ""380*180""]","[]","[]",,,"[]","[第 1 頁] Zt = 設變通知單 單號:L112012 日期:2023/1/19 0開發案號: 0不適用規範 : 設變說明 : 因現有8金裝外箱尺寸緊配,廠內反應裝箱不易,經確認後外箱尺寸微調放寬,外箱丈量尺寸 及材積同步變更 RB PRA KER |= 報廢 庫存處理 |品號 ERS eS |整修後續用 BRAK ee |其他說明 ERD oF lo | re RA Oxg|o Cl ae ...","[""設變通知單"", ""設變"", ""通知"", ""設變說明"", ""372*252"", ""01-B01"", ""372*1""]",PARSED,NORMAL,"2025-11-11 17:22:16","2025-11-11 17:22:16"
57,a6f1fdeb432ea33893e4c6ab83a5dd9d,ECN_NOTICE,"0","2023-01-12",L112011.pdf,http://pdf-file-server:80/download/a6f1fdeb432ea33893e4c6ab83a5dd9d/L112011.pdf,/mnt/pdf/done/L112011.pdf,0,a6f1fdeb432ea33893e4c6ab83a5dd9d,,"[""01-B01""]","[]","[]",,,"[]","[第 1 頁] J gh > Bs : 1112011 日期:2023/1/12 © 開發案號: 0)不適用規範: 設變說明: 依實物更改item貼紙尺寸,黑白稿同步修訂 BRERA: ATE =» IE 報廢 庫存處理 |品號 ER EAS IE |整修後續用 RRR oe |其他說明 © 無庫存 廢 單位 0有庫存 om 0 整箱 )不可 踢 實施日/生產單號 ae | ee | ae | a...","[""設變通知單"", ""設變"", ""通知"", ""設變說明"", ""01-B01""]",PARSED,NORMAL,"2025-11-11 17:22:17","2025-11-11 17:22:17"
58,"099cbf5fcfd964e968e16545a8cf0345",ECN_NOTICE,,"2023-01-12",L112010.pdf,http://pdf-file-server:80/download/099cbf5fcfd964e968e16545a8cf0345/L112010.pdf,/mnt/pdf/done/L112010.pdf,0,"099cbf5fcfd964e968e16545a8cf0345",,"[""01-B01""]","[]","[]",許俊南,,"[]","[第 1 頁] 設變通知單 單號 :L112010 日期:2023/1/12 O MERE : 0)不適用規範: 因標示數量有誤,芍修改回面尺寸標示 設變申請人:許俊南 |e 報廢 庫存處理 |品號 LE ERE 整修後續用 RRR ie |其他說明 0 無庫存 廢 單位 @ 有庫存 ORK OB*- Oy | ie |; 設計 (LAR) GZ4406* 二 ORT Lad 口 一課 實施日/生...","[""設變通知單"", ""設變"", ""通知"", ""設變說明"", ""01-B01""]",PARSED,NORMAL,"2025-11-11 17:22:18","2025-11-11 17:22:18"
59,f2a86d2399635ff2c4e5ddd2217c8f5a,ECN_NOTICE,"0","2023-01-19",L112009.pdf,http://pdf-file-server:80/download/f2a86d2399635ff2c4e5ddd2217c8f5a/L112009.pdf,/mnt/pdf/done/L112009.pdf,0,f2a86d2399635ff2c4e5ddd2217c8f5a,,"[""01-B01""]","[]","[]",,,"[]","[第 1 頁] 設變通知單 單號 :L112009 日期:2023/1/19 0開發案號 : 0不適用規範: 此零件因欣德長期交貨品質不穩定,故配合轉回自製 BRPHA: REE ~ |e 報廢 庫存處理 |品號 RE A lee em |替生後你數 ree |其他說明 @ 無庫存 廢 單位 0有庫存 ow | OS (BER) One| 0 QA Pf 實施日/生產單號 即日起 QP-K-RL-...","[""設變通知單"", ""設變"", ""通知"", ""設變說明"", ""01-B01""]",PARSED,NORMAL,"2025-11-11 17:23:20","2025-11-11 17:23:20"
60,d97d206e6275dde321515c90c110cb50,ECN_NOTICE,EC-K-23-A-001,"2023-01-12",L112008.pdf,http://pdf-file-server:80/download/d97d206e6275dde321515c90c110cb50/L112008.pdf,/mnt/pdf/done/L112008.pdf,0,d97d206e6275dde321515c90c110cb50,,"[""01-B0"", ""23-A-001""]","[]","[]",,,"[]","[第 1 頁] 設變通知單 單號 :L112008 日期 : 2023/1/12 @設變申請單號: EC-K-23-A-001 @適用規範: 全部 0開發案號 : 0)不適用規範: 設變說明 : 為節省成本,故原材料料寬由173mm縮減成169mm及pitch由46縮成人6 RRPHA: SHE 數 le hemos 共 Hach ore 品號 完 |醫 |整修後續用 數|責任 |其他說明 aCe...","[""設變通知單"", ""設變"", ""通知"", ""設變說明"", ""01-B0"", ""23-A-001""]",PARSED,NORMAL,"2025-11-11 17:23:21","2025-11-11 17:23:21"
61,"4bd3b645155b24a4f564526b68b3fea9",ECN_NOTICE,"0","2023-01-19",L112007.pdf,http://pdf-file-server:80/download/4bd3b645155b24a4f564526b68b3fea9/L112007.pdf,/mnt/pdf/done/L112007.pdf,0,"4bd3b645155b24a4f564526b68b3fea9",,"[""01-B01""]","[]","[]",,,"[]","[第 1 頁] Zt Ms 單號 : 1112007 日期 :2023/1/19 0開發案號 : 0不適用規範: 設變說明 : 此零件因欣德長期交貨品質不穩定,故配合轉回自製;現況材料為CQ2,但與正式圖面材質不 符且零件為引申零件。需使用較軟的材料,故同步變更 RRPHA: BER el 報廢 庫存處理 |品號 。 EM EAS IE 整修後續用 |括可後你數 ie 其他說明 0無庫存 廢 單位...","[""設變通知單"", ""設變"", ""通知"", ""設變說明"", ""01-B01""]",PARSED,NORMAL,"2025-11-11 17:23:22","2025-11-11 17:23:22"
62,d06479ef39a3378c9aada7c2a25c68fc,ECN_NOTICE,EC-K-22-L-404,"2023-05-22",L112006R1.pdf,http://pdf-file-server:80/download/d06479ef39a3378c9aada7c2a25c68fc/L112006R1.pdf,/mnt/pdf/done/L112006R1.pdf,0,d06479ef39a3378c9aada7c2a25c68fc,,"[""01-B01"", ""50x90D22P3"", ""13X9-T0G649P"", ""30x9"", ""89-T0G649P""]","[""把手、套盤、套盤組合""]","[]",,,"[]","[第 1 頁] 單號:L112006R1 日期:2023/5/22 @設變申請單號: EC-K-22-L-404-1 ORARK: 全部 0開發案號 : 0不適用規範: 品號 :米9-*(如附件一) 品名:把手、套盤、套盤組合 設變說明 : 配合同興、彰盛(福盛)進行X9新製程打樣及試做,且取LPB套盤試量產一李(L111463) , 品質狀況穩 定,故針對X9相關零件取消研磨工序,以縮短製程(如...","[""設變通知單"", ""設變"", ""通知"", ""設變說明"", ""01-B01"", ""50x90D22P3"", ""13X9-T0G649P""]",PARSED,NORMAL,"2025-11-11 17:23:23","2025-11-11 17:23:23"
63,"9c0883a99578ad9a90b0fa71530e9bf0",ECN_NOTICE,,"2023-03-13",L112006R.pdf,http://pdf-file-server:80/download/9c0883a99578ad9a90b0fa71530e9bf0/L112006R.pdf,/mnt/pdf/done/L112006R.pdf,0,"9c0883a99578ad9a90b0fa71530e9bf0",,"[""93*X9-"", ""01-B01"", ""94-8""]","[]","[]",,,"[]","[第 1 頁] Jil gh s 單號 :L112006R 日期:2023/3/13 © 開發實號: (0)不適用規範: 品號 : XX9-*(如附件) «(BR et + RM RS 設變說明 : | 配合同興、彰盛(福盛)進行X9新製程打樣及試做,且取LPB套盤試量產一季(L111463), BHR 況穩定,故針對X9相關零件取消研應工序,以縮短製程(如附件) ※93*X9-T0G649及3*...","[""設變通知單"", ""設變"", ""通知"", ""設變說明"", ""93*X9-"", ""01-B01"", ""94-8""]",PARSED,NORMAL,"2025-11-11 17:23:24","2025-11-11 17:23:24"
64,"3e0cd97f0a6c546341b34bf2be61b764",ECN_NOTICE,"0","2023-01-06",L112006.pdf,http://pdf-file-server:80/download/3e0cd97f0a6c546341b34bf2be61b764/L112006.pdf,/mnt/pdf/done/L112006.pdf,0,"3e0cd97f0a6c546341b34bf2be61b764",,"[""00X9-C09644HP"", ""00X9-LPB644P"", ""00X9-L066470OCHP"", ""31X9-TOV649P"", ""00X9-T01620P""]","[""把手、套盤、套盤組合""]","[]",,,"[]","[第 1 頁] 設變通知單 單號:L112006 日期:2023/1/6 © 開發案號: 0)不適用規範: 品號 :*X9-*(如附件) 品名:把手、套盤、套盤組合 設變說明: 配合同興、彰盛(福盛)進行X9新製程打樣及試做,且取LPB套盤試量產一季(L111463), 品質獎 況穩定,故針對X9相關零件取消研應工序,以縮短製程(如附件) 國同 報廢 庫存處理 |品號 EM EA eee (ORM...","[""設變通知單"", ""設變"", ""通知"", ""設變說明"", ""00X9-C09644HP"", ""00X9-LPB644P"", ""00X9-L066470OCHP""]",PARSED,NORMAL,"2025-11-11 17:23:25","2025-11-11 17:23:25"
65,b72557073abb90ac4e6fcd158047d94d,ECN_NOTICE,"0","2023-01-06",L112005.pdf,http://pdf-file-server:80/download/b72557073abb90ac4e6fcd158047d94d/L112005.pdf,/mnt/pdf/done/L112005.pdf,0,b72557073abb90ac4e6fcd158047d94d,,"[""01-B01"", ""02-D01"", ""29-1-920""]","[]","[]",高意婷,,"[]","[第 1 頁] 設變通知單 單號 :L112005 日期:2023/1/6 @設變申請單號: EC-K-29-1-920 @ iH: 22、32、(S 0開發案號 : 0不適用規範: 設變說明 : 點客戶反應。打開金子時先行看到入門指南書,故更新入門指南書放置位置, 包裝總組合點同 設變申請人:高意婷 數 |儲 |使用完 3 搭配後餘數 PLE 庫存處理 |品號 量 |位 |e ig EORRA ...","[""設變通知單"", ""設變"", ""通知"", ""設變說明"", ""01-B01"", ""02-D01"", ""29-1-920""]",PARSED,NORMAL,"2025-11-11 17:23:26","2025-11-11 17:23:26"
66,b41c69fdc2de56947cd55dce4f246401,ECN_NOTICE,"0","2023-01-19",L112004R.pdf,http://pdf-file-server:80/download/b41c69fdc2de56947cd55dce4f246401/L112004R.pdf,/mnt/pdf/done/L112004R.pdf,0,b41c69fdc2de56947cd55dce4f246401,,"[""02-D01""]","[]","[]",高意娃,,"[]","[第 1 頁] 設變通知單 Hye : L112004R 日期:2023/1/19 0開發案號 : 0不適用規範: 設變說明 : 依廠內反應,目前排線皆未勻入勾槽中,故更新總組合圖圖示將排線壓入勾槽 ※原設計者設計的安裝方式是需將排線勾入勾槽,且同步更新總組合圖示,避免誤會,但後續 廠內反應排線勾入勾槽有些許疑慮,後品保/現場/設計者/美工召開會議,確認設計者會將此 鎖匣取消勾槽,將排線直接從排線...","[""設變通知單"", ""設變"", ""通知"", ""設變說明"", ""02-D01""]",PARSED,NORMAL,"2025-11-11 17:23:27","2025-11-11 17:23:27"
67,"73227d5e672391ddea95bcb657e3d566",ECN_NOTICE,"0","2023-01-06",L112004.pdf,http://pdf-file-server:80/download/73227d5e672391ddea95bcb657e3d566/L112004.pdf,/mnt/pdf/done/L112004.pdf,0,"73227d5e672391ddea95bcb657e3d566",,"[""01-B01"", ""02-D01""]","[]","[]",BES,,"[]","[第 1 頁] Zt 吧 設變通知單 ge : 1112004 日期:2023/1/6 0開發案號 : 0不適用規範: 設變說明 : 依廠內反應,目前排線皆未勾入勾槽中,故更新總組合圖圖示將排線壓入勾槽 設變申請人: BES 數 Ine |民用先 | 搭配後餘數 PRS 庫存處理 |品號 量 |位 |量 ly |莒修後續用 Ge ee |其他說明 0有庫存 on ORG (LER) 6 Ojo 0...","[""設變通知單"", ""設變"", ""通知"", ""設變說明"", ""01-B01"", ""02-D01""]",PARSED,NORMAL,"2025-11-11 17:23:28","2025-11-11 17:23:28"
68,"351abf86955748c0786d469209e74f3d",ECN_NOTICE,"0","2023-01-06",L112003.pdf,http://pdf-file-server:80/download/351abf86955748c0786d469209e74f3d/L112003.pdf,/mnt/pdf/done/L112003.pdf,0,"351abf86955748c0786d469209e74f3d",,"[""02-B01"", ""01-B01"", ""265*275"", ""02-D01"", ""000-KA00044""]","[]","[]",,,"[]","[第 1 頁] 設變通知單 單號:L112003 日期:2023/1/6 0開發案號 0不適用規範 : 設變說明 : 因包裝標準內說明書IVYV-P100CB19-XQ為先建品號,但客戶尚未提供檔案也從未出貨過,近日 客戶正式提供檔案內容為三語,故包裝標準同步變更為~V-P100CB14-XQ三語說明書 RR PRA RS (|e 報廢 庫存處理 |品號 EE RS |著 em (ORR gee ...","[""設變通知單"", ""設變"", ""通知"", ""設變說明"", ""02-B01"", ""01-B01"", ""265*275""]",PARSED,NORMAL,"2025-11-11 17:24:30","2025-11-11 17:24:30"
69,"718711852aff1770f27b1365dd2c12eb",ECN_NOTICE,,"2023-01-06",L112002.pdf,http://pdf-file-server:80/download/718711852aff1770f27b1365dd2c12eb/L112002.pdf,/mnt/pdf/done/L112002.pdf,0,"718711852aff1770f27b1365dd2c12eb",,"[""01-B01"", ""00XD-TYL603P"", ""00XD-"", ""00XD"", ""07-6225151""]","[]","[]",RRP,,"[]","[第 1 頁] 設變通知單 單號 :L112002 日期:2023/1/6 0開發案號 : 「0不適用規範: 設變說明 : 為使其黑色相關色系的把手內封蓋搭配一致性且成本較具癌爭力,故整合把手內封蓋表面 XD/XK&XAX9 ; 常熟廠維持現況搭配,僅先針對岡山廠變更 設變申請人: RRP i 報 aloclem (eS eee Ue 品號 了位完畢 laa (lata 任|其他說明 庫存處理 廢...","[""設變通知單"", ""設變"", ""通知"", ""設變說明"", ""01-B01"", ""00XD-TYL603P"", ""00XD-""]",PARSED,NORMAL,"2025-11-11 17:24:31","2025-11-11 17:24:31"
70,"68450b0c4542ee7e02be8d5587eb1bd0",ECN_NOTICE,EC-K-22-L-411,"2023-01-06",L112001.pdf,http://pdf-file-server:80/download/68450b0c4542ee7e02be8d5587eb1bd0/L112001.pdf,/mnt/pdf/done/L112001.pdf,0,"68450b0c4542ee7e02be8d5587eb1bd0",,"[""019-378"", ""034-154"", ""012-145"", ""035-302"", ""034-156""]","[]","[]",,,"[]","[第 1 頁] 設變通知單 # 9 * 1112001 AHA : 2023/1/6 @設變申請單號: EC-K-22-L-411 @適用規範: CE FV + CF 0開發案號 : 0不適用規範: 設變說明 : 因客戶多年未採購,且已不列在客戶的有效價目表品號,故作廢相關品號 REPHA REE i vale [ie ace [spacer oe 位完畢 an laa |任 |其他說明 Be 踢...","[""設變通知單"", ""設變"", ""通知"", ""設變說明"", ""019-378"", ""034-154"", ""012-145""]",PARSED,NORMAL,"2025-11-11 17:24:32","2025-11-11 17:24:32"
71,fd8deff426946af82c89f7866e68007d,ECN_APPLICATION,,"2023-03-10",G鎖-設變申請單.pdf,http://pdf-file-server:80/download/fd8deff426946af82c89f7866e68007d/G鎖-設變申請單.pdf,/mnt/pdf/done/G鎖-設變申請單.pdf,0,fd8deff426946af82c89f7866e68007d,,"[""02-A04""]","[""排線, 外側組合                             23% |0B1-GC1335-WG040 .""]","[]",,,"[]","[第 1 頁] 0B1-G0B356-WG040 , 品名 排線, 外側組合 23% |0B1-GC1335-WG040 . 0B1-GC1335AJ-WG040 EPRR “品質改善 製程變更設計合理化尺寸放 緣由 寬 材質/材規變更 ABO: 附圖面3份 RD、R或PD案號: _客訴單號: 其他 0B1- 因客戶反應組裝時易壓到排線,故配合客戶回饋 0B1- GC1335- |0B1-G023...","[""申請單"", ""申請單位"", ""緣由"", ""設變執行"", ""02-A04""]",PARSED,NORMAL,"2025-11-11 17:24:33","2025-11-11 17:24:33"
72,"61003b13334fd0e8613b06a46f3a9ccb",ECN_APPLICATION,,"2024-09-30",G鎖-設變申請單-4.pdf,http://pdf-file-server:80/download/61003b13334fd0e8613b06a46f3a9ccb/G鎖-設變申請單-4.pdf,/mnt/pdf/done/G鎖-設變申請單-4.pdf,0,"61003b13334fd0e8613b06a46f3a9ccb",,"[""81-G0F335-MG040N""]","[""|外側基板""]","[]",,,"[]","[第 1 頁] 品名 |外側基板 客戶要求 品質改善“製程變更“設計合理化“尺寸放 寬 材質/材規變更“規範編號: ~ 緣由 RD、R或PD案號: _ 客訴單號: 品 其他:消化漢軍排線庫存|附圖面 份 (熱縮套管) 因應興暘協助消化漢軍小KPD舊熱縮套管排線(線 長200mm)之庫存數量20, 283pcs, 此排線品保之前 已有同意可使用在小KPD機種的外側機板0B1- (09335-WG04...","[""申請單"", ""申請單位"", ""緣由"", ""設變執行"", ""81-G0F335-MG040N""]",PARSED,NORMAL,"2025-11-11 17:24:34","2025-11-11 17:24:34"
73,a28d93bc4030c9affa7ed94e60c1505d,ECN_APPLICATION,,"2023-11-23",G鎖-設變申請單-3.pdf,http://pdf-file-server:80/download/a28d93bc4030c9affa7ed94e60c1505d/G鎖-設變申請單-3.pdf,/mnt/pdf/done/G鎖-設變申請單-3.pdf,0,a28d93bc4030c9affa7ed94e60c1505d,,"[]","[""_ |Hubspace wifi deadbolt排線長度調整""]","[]",,,"[]","[第 1 頁] 品名 _ |Hubspace wifi deadbolt排線長度調整 客戶要求 品質改善“製程變更“設計合理化“尺寸放 緣由 寬 REHAB RMB: 附圖面1份 RD、R或PD案號: 客訴單號: 其他 Hubspace wifi REP BR, 所有JHtlbspac 產品排線長度露出需 deadbolt ln Om 划半 AT"". 因此修改wifi deadbolt排線從240...","[""申請單"", ""申請單位"", ""緣由"", ""設變執行""]",PARSED,NORMAL,"2025-11-11 17:24:35","2025-11-11 17:24:35"
74,"6d9be5e45272d95f03119a3d749e8cdd",ECN_APPLICATION,,"2023-03-31",G鎖-設變申請單-2.pdf,http://pdf-file-server:80/download/6d9be5e45272d95f03119a3d749e8cdd/G鎖-設變申請單-2.pdf,/mnt/pdf/done/G鎖-設變申請單-2.pdf,0,"6d9be5e45272d95f03119a3d749e8cdd",,"[]","[]","[]",,,"[]",[第 1 頁] 客戶要求 MEAS “製程變更“設計合理化“尺寸放 緣由 寬 材質/材規變更“規範編號: 附圖面1份 RD、R或PD案號: _客訴單號: 其他 0B1- ; 0B1- _ 數 儲 使用完 z ge ERR 報廢 品號 整修後續用 時 BE |其他說明 申請|庫存處理 zee He 報廢 單位 單位 無庫存 有庫存 0B1- 可 整箱 舊品使用完畢後採 (RAR) G04313AU ...,"[""申請單"", ""申請單位"", ""緣由"", ""設變執行""]",PARSED,NORMAL,"2025-11-11 17:24:36","2025-11-11 17:24:36"
75,"6a26a308c7e2cc71ff36a3085db99b7f",ECN_NOTICE,"0","2023-03-16",G鎖-設變單通知單.pdf,http://pdf-file-server:80/download/6a26a308c7e2cc71ff36a3085db99b7f/G鎖-設變單通知單.pdf,/mnt/pdf/done/G鎖-設變單通知單.pdf,0,"6a26a308c7e2cc71ff36a3085db99b7f",,"[""01-B01"", ""12-B02""]","[""排線、外側組合""]","[]",黃福志,,"[]","[第 1 頁] 設變通知單 單號:L112078 日期:2023/3/16 @設變申請單號: ECK-23-(-059 他適用規範: 全部 0開發案號: 0不適用規範: 品號:0B1-60O0B356-WG040、0B1-C6C1335AJ-WG040 |品名:排線、外側組合 設變說明: 因客戶反應組裝時易壓到排線,故修改排線長度原280mm改為240mm排線,改善排線組裝問題 設變申請人:黃福志...","[""設變通知單"", ""設變"", ""通知"", ""設變說明"", ""01-B01"", ""12-B02""]",PARSED,NORMAL,"2025-11-11 17:24:37","2025-11-11 17:24:37"
76,a5377430df38c25638fc085aecac5396,ECN_NOTICE,EC-K-24-B-032,"2024-10-16",G鎖-設變單通知單-4.pdf,http://pdf-file-server:80/download/a5377430df38c25638fc085aecac5396/G鎖-設變單通知單-4.pdf,/mnt/pdf/done/G鎖-設變單通知單-4.pdf,0,a5377430df38c25638fc085aecac5396,,"[""02-B02"", ""24-B-032-3"", ""886-7-622-5151""]","[]","[]",徐夢,,"[]","[第 1 頁] 2024/10/16 下午3:32 about:blank 設變通知單 單號:L113055R2 日期:2024/10/16 @設變申請單號: EC-K-24-B-032-3 0適用規範: 0開發案號 : © FGA RB: 59、※了規範 品號:0B1-G0B356、0B1-60OF335-WG040、0B1- |「,,, 畜生 ss OB1-G02356 、 0 00335 0...","[""設變通知單"", ""設變"", ""通知"", ""設變說明"", ""02-B02"", ""24-B-032-3"", ""886-7-622-5151""]",PARSED,NORMAL,"2025-11-11 17:24:38","2025-11-11 17:24:38"
77,"6bf770b90da0b8a628832417c986ac6b",ECN_NOTICE,"0","2023-12-06",G鎖-設變單通知單-3.pdf,http://pdf-file-server:80/download/6bf770b90da0b8a628832417c986ac6b/G鎖-設變單通知單-3.pdf,/mnt/pdf/done/G鎖-設變單通知單-3.pdf,0,"6bf770b90da0b8a628832417c986ac6b",,"[""02-B02""]","[]","[]",SRB,,"[]","[第 1 頁] 設變通知單 單號 :LD112066 日期:2023/12/6 己開發案號 : 0不適用規範: 設變說明 : 依客戶要求,所有Hubspac產品排線長度露出需為7了"" ,故修改wifi deadbolt排線從240mm改為270mm a 設變申請人: SRB 庫存處理 直 報廢 0無庫 jag SM 使用完 |接 |整修後續用|搭配後條數 南任_其他說明 # 量 位 畢 報 報廢 ...","[""設變通知單"", ""設變"", ""通知"", ""設變說明"", ""02-B02""]",PARSED,NORMAL,"2025-11-11 17:25:41","2025-11-11 17:25:41"
78,"4aaba5a3f02340689babb7b14ee65a5e",ECN_NOTICE,EC-K-23-C-083,"2023-04-18",G鎖-設變單通知單-2.pdf,http://pdf-file-server:80/download/4aaba5a3f02340689babb7b14ee65a5e/G鎖-設變單通知單-2.pdf,/mnt/pdf/done/G鎖-設變單通知單-2.pdf,0,"4aaba5a3f02340689babb7b14ee65a5e",,"[""01-B01"", ""23-C-083""]","[]","[]",黃福志,,"[]","[第 1 頁] 設變通知單 單號 :LD112017 日期:2023/4/18 @設變申請單號: EC-K-23-C-083 OARS: 全部 0開發案號: 0不適用規範: BRA : 依客戶回饋,Hubspace deadbolt排線較粗,易在壓入理線槽時造成排線被擠壓變形,故內殼修改 理線槽入口處機構寬度 ; 0B1-G04313A模具與0B1-G04313AU共模,同步變更 設變申請人:黃福...","[""設變通知單"", ""設變"", ""通知"", ""設變說明"", ""01-B01"", ""23-C-083""]",PARSED,NORMAL,"2025-11-11 17:25:42","2025-11-11 17:25:42"
79,"14bd619597d15bb67736ac2d2bb66b61",COMPLAINT,,"2028-07-17",G鎖-客訴資料.pdf,http://pdf-file-server:80/download/14bd619597d15bb67736ac2d2bb66b61/G鎖-客訴資料.pdf,/mnt/pdf/done/G鎖-客訴資料.pdf,0,"14bd619597d15bb67736ac2d2bb66b61",,"[""23-G-B002""]","[]","[]",,,"[]",[第 1 頁] 顧客抱怨處理資料 異常單號:CPR-K-Q-23-G-B002 0管理異常 0環境異常 @品質異常 開單類別*| 00.規 OLR O2. BRR 03.進 04.驗 OF. IR OF. FRE “08.常熟客 09.合興客 010. 國內容 @11. BHF 範 品 核 料 貨 EB 測試 訴 訴 訴 訴 來源單號|2023070086 4通知單號|11022121 。 #P ...,"[""客訴"", ""異常"", ""顧客抱怨處理資料"", ""23-G-B002""]",PARSED,HIGH,"2025-11-11 17:25:43","2025-11-11 17:25:43"
80,bdec58ec7050c183f25d40c72eb99fd1,FMEA,R23091,"2023-09-18",G鎖-FMEA.pdf,http://pdf-file-server:80/download/bdec58ec7050c183f25d40c72eb99fd1/G鎖-FMEA.pdf,/mnt/pdf/done/G鎖-FMEA.pdf,0,bdec58ec7050c183f25d40c72eb99fd1,,"[""12-F05""]","[]","[]",,,"[]",[第 1 頁] FMEA表 ■DFMEA □PFMEA 開發案號 R23091 專案負責人 徐夢苹 產 品 別 G鎖 頁數 1/1 案件名稱 電子鎖內側底板(排線割損改善) 分析人員：產研部____徐夢苹_____模具部_________生技部_________開發課_________品保部_________ 改善結果 問題描述 效應分析 嚴重 失效成因分析 發生 現行管控 難檢 對策方案 預定完...,"[""FMEA"", ""DFMEA表"", ""12-F05""]",PARSED,HIGH,"2025-11-11 17:25:44","2025-11-11 17:25:44"
81,"3aa5f2a5c87c70c5554437868278b409",COMPLAINT,,"2025-08-01","2024120106.pdf",http://pdf-file-server:80/download/3aa5f2a5c87c70c5554437868278b409/2024120106.pdf,/mnt/pdf/done/2024120106.pdf,0,"3aa5f2a5c87c70c5554437868278b409",,"[""24-L-B-004""]","[]","[]",,,"[]","[第 1 頁] 2025/8/1 上午10:41 fs-web/qm/qm/qmWF008_1.aspx?num=2024120106&ccmno=CPR-Q-24-L-B-004&qunum=460608 顧客抱怨處理資料 異常單號:CPR-Q-24-L-B-004 0管理異常 0環境異常 @@品質異党 開單類別*| @0. Ol, 02.製 03. 04. 05.內_ 07.實08.常 09....","[""客訴"", ""異常"", ""顧客抱怨處理資料"", ""24-L-B-004""]",PARSED,HIGH,"2025-11-11 17:25:45","2025-11-11 17:25:45"
82,dc80c9abb375adabb2e4393bffee5ee7,COMPLAINT,,"2025-08-01","2024110100.pdf",http://pdf-file-server:80/download/dc80c9abb375adabb2e4393bffee5ee7/2024110100.pdf,/mnt/pdf/done/2024110100.pdf,0,dc80c9abb375adabb2e4393bffee5ee7,,"[""24-K-B-006""]","[]","[]",,,"[]","[第 1 頁] 2025/8/1 上午10:44 fs-web/qm/qm/qmWF008_1.aspx?num=2024110100&ccmno=CPR-Q-24-K-B-006&qunum=337753 顧客抱怨處理資料 KH % BH: CPR-Q-24-K-B-006 0管理異常 0環境異常 ORGRE 開單類別* | @0. Ol, O2.@ O38, O4. O5.—m O7. KH ...","[""客訴"", ""異常"", ""顧客抱怨處理資料"", ""24-K-B-006""]",PARSED,HIGH,"2025-11-11 17:25:46","2025-11-11 17:25:46"
83,ab5a54cb8e01e03b09e37c8593b05fa1,COMPLAINT,,"2025-08-01","2024110096.pdf",http://pdf-file-server:80/download/ab5a54cb8e01e03b09e37c8593b05fa1/2024110096.pdf,/mnt/pdf/done/2024110096.pdf,0,ab5a54cb8e01e03b09e37c8593b05fa1,,"[""24-K-B-002""]","[]","[]",,,"[]",[第 1 頁] 2025/8/1 上午10:44 fs-web/qm/qm/qmWF008_1.aspx?num=2024110096&ccmno=CPR-Q-24-K-B-002&dunum=337749 顧客抱怨處理資料 異常單號:CPR-Q-24-K-B-002 0管理異常 0環境異常 @品質異常 開單類別* | @0. O1. 02.製 03. 04 05.內外 07.實驗 08.常 09...,"[""客訴"", ""異常"", ""顧客抱怨處理資料"", ""24-K-B-002""]",PARSED,HIGH,"2025-11-11 17:25:47","2025-11-11 17:25:47"
84,ce64371db2d36c5aab12200421c228d0,COMPLAINT,,"2025-08-01","2024100092.pdf",http://pdf-file-server:80/download/ce64371db2d36c5aab12200421c228d0/2024100092.pdf,/mnt/pdf/done/2024100092.pdf,0,ce64371db2d36c5aab12200421c228d0,,"[""24-J-B-004"", ""30-D006124BLK"", ""30-D006124BLK-03""]","[]","[]",,,"[]",[第 1 頁] 2025/8/1 上午10:45 fs-web/qm/qm/qmWF008_1.aspx?num=2024100092&ccmno=CPR-A-24-J-B-004&qunum=237868 WA 4 28 eB HH Bf BF : CPR-A-24-J-B-004 0管理異常 0環境異常 @品質異常 開單類別*| @0. Ol. 02.製 03. 04. 05.內“07.實“0...,"[""客訴"", ""異常"", ""顧客抱怨處理資料"", ""24-J-B-004"", ""30-D006124BLK"", ""30-D006124BLK-03""]",PARSED,HIGH,"2025-11-11 17:25:48","2025-11-11 17:25:48"
85,e793d5ac62820187a79724afb655479d,COMPLAINT,,"2025-08-01","2024090083.pdf",http://pdf-file-server:80/download/e793d5ac62820187a79724afb655479d/2024090083.pdf,/mnt/pdf/done/2024090083.pdf,0,e793d5ac62820187a79724afb655479d,,"[""24-I-B-0"", ""24-I-B-004""]","[]","[]",,,"[]",[第 1 頁] 2025/8/1 上午10:45 fs-web/qm/dqm/qmWF008_1.aspx?num=2024090083&ccmno=#CPR-Q-24-I-B-004&qunum=196974 顧客抱怨處理資料 異常單號:CPR-Q-24-I-B-0( 0管理異常 0環境異常 @品質異常 開單類別*| @0.規 Ol. 02.製程稽 03.進 04.驗 05.內外部“07.實驗室...,"[""客訴"", ""異常"", ""顧客抱怨處理資料"", ""24-I-B-0"", ""24-I-B-004""]",PARSED,HIGH,"2025-11-11 17:25:49","2025-11-11 17:25:49"
86,cccdc520626e74f3b623f9133455df93,COMPLAINT,,"2025-08-01","2024090081.pdf",http://pdf-file-server:80/download/cccdc520626e74f3b623f9133455df93/2024090081.pdf,/mnt/pdf/done/2024090081.pdf,0,cccdc520626e74f3b623f9133455df93,,"[""042-673"", ""24-I-B-003""]","[]","[]",,,"[]",[第 1 頁] 2025/8/1 上午10:45 fs-web/qm/qm/qmWF008_1.aspx?num=2024090081 &ccmno=CPR-Q-24-I-B-003&qunum=1 96972 顧客抱怨處理資料 異常單號:CPR-Q-24-I-B-003 0管理異常 0環境異常 @品質異常 開單類別*| ©0. Ol. 02.製 03. 04 05.內_07實 08.常 OFF ...,"[""客訴"", ""異常"", ""顧客抱怨處理資料"", ""042-673"", ""24-I-B-003""]",PARSED,HIGH,"2025-11-11 17:26:51","2025-11-11 17:26:51"
87,"02e3e3f3004da08ce36d56ff392fc920",COMPLAINT,,"2025-08-01","2024080077.pdf",http://pdf-file-server:80/download/02e3e3f3004da08ce36d56ff392fc920/2024080077.pdf,/mnt/pdf/done/2024080077.pdf,0,"02e3e3f3004da08ce36d56ff392fc920",,"[""006-T03603"", ""24-H-B-010""]","[]","[]",,,"[]","[第 1 頁] 2025/8/1 上午10:46 fs-web/qm/qm/qmWF008_1.aspx?num=2024080077&ccmno=#CPR-Q-24-H-B-010&qunum=196950 顧客抱怨處理資料 異常單號:CPR-Q-24-H-B-010 0管理異常 0環境異常 OLERT 開單類別*| ©0. Ol, 02.製 03. 04 05.內外 07.資驗 08.常09....","[""客訴"", ""異常"", ""顧客抱怨處理資料"", ""006-T03603"", ""24-H-B-010""]",PARSED,HIGH,"2025-11-11 17:26:52","2025-11-11 17:26:52"
88,dd794d56ad56e7584304ce41cbf64082,COMPLAINT,,"2025-08-01","2024070062.pdf",http://pdf-file-server:80/download/dd794d56ad56e7584304ce41cbf64082/2024070062.pdf,/mnt/pdf/done/2024070062.pdf,0,dd794d56ad56e7584304ce41cbf64082,,"[""050-905"", ""050-903"", ""050-904"", ""050-672"", ""24-G-B002""]","[]","[]",,,"[]",[第 1 頁] 2025/8/1 上午10:46 fs-web/qm/qm/qmWF008_1.aspx?num=2024070062&ccmno=CPR-K-Q-24-G-B002&qunum=196849 顧客抱怨處理資料 異常單號:CPR-K-Q-24-G-B002 0管理異常 0環境異常 @品質異常 開單類別*| 00. Ol. 02.製 03. 04 05.內_07實 08.常 OFF ...,"[""客訴"", ""異常"", ""顧客抱怨處理資料"", ""050-905"", ""050-903"", ""050-904""]",PARSED,HIGH,"2025-11-11 17:26:53","2025-11-11 17:26:53"
89,dac1dcb28e6efb9f9e3b1037c22ab115,COMPLAINT,,"2025-08-01","2024060053.pdf",http://pdf-file-server:80/download/dac1dcb28e6efb9f9e3b1037c22ab115/2024060053.pdf,/mnt/pdf/done/2024060053.pdf,0,dac1dcb28e6efb9f9e3b1037c22ab115,,"[""24-F-B005"", ""24-F-BO""]","[]","[]",,,"[]",[第 1 頁] 2025/8/1 上午10:47 fs-web/qm/qm/qmWF008_1.aspx?num=2024060053&ccmno=CPR-K-Q-24-F-B005&qunum=1 96808 顧客抱怨處理資料 異常單號:CPR-K-Q-24-F-BO( 0管理異常 0環境異常 @品質異常 開單類別*| 00.規 Ol. O2. Me O38. O4m 05.內外部 “07.實驗...,"[""客訴"", ""異常"", ""顧客抱怨處理資料"", ""24-F-B005"", ""24-F-BO""]",PARSED,HIGH,"2025-11-11 17:26:54","2025-11-11 17:26:54"
90,ad18b4f12b7ffe3e18661e9dbfb603f1,COMPLAINT,,"2025-08-01","2024040041.pdf",http://pdf-file-server:80/download/ad18b4f12b7ffe3e18661e9dbfb603f1/2024040041.pdf,/mnt/pdf/done/2024040041.pdf,0,ad18b4f12b7ffe3e18661e9dbfb603f1,,"[""24-E-BOO1"", ""24-E-B001"", ""049-119""]","[]","[]",,,"[]",[第 1 頁] 2025/8/1 上午10:47 fs-web/qm/qm/qmWF008_1.aspx?num=2024040041 &ccmno=CPR-K-Q-24-E-B001&qunum=196692 顧客抱怨處理資料 異常單號:CPR-K-Q-24-E-BOO1 0管理異常 0環境異常 @@品質異常 開單類別* | ON. Ol. 02.製 O38. O4. 05.內07.實“08.常...,"[""客訴"", ""異常"", ""顧客抱怨處理資料"", ""24-E-BOO1"", ""24-E-B001"", ""049-119""]",PARSED,HIGH,"2025-11-11 17:26:55","2025-11-11 17:26:55"
91,"152ea06e8b5f485bf10de1f29ed9fb68",COMPLAINT,,"2025-08-01","2024020012.pdf",http://pdf-file-server:80/download/152ea06e8b5f485bf10de1f29ed9fb68/2024020012.pdf,/mnt/pdf/done/2024020012.pdf,0,"152ea06e8b5f485bf10de1f29ed9fb68",,"[""24-B-B005"", ""245*215"", ""122-6""]","[]","[]",,,"[]",[第 1 頁] 2025/8/1 上午10:47 fs-web/qm/qm/qmWF008_1.aspx?num=2024020012&ccmno=CPR-K-Q-24-B-B005&qunum=165470 SA 40S a EZ & % 3 3 : CPR-K-Q-24-B-B005 0管理異常 0環境異常 ORR 開單類別* | 00. 01. 02.製 03. 04 05.內07.實“08...,"[""客訴"", ""異常"", ""顧客抱怨處理資料"", ""24-B-B005"", ""245*215"", ""122-6""]",PARSED,HIGH,"2025-11-11 17:26:56","2025-11-11 17:26:56"
92,"5514f2c7563e12db757aae7d05504c8f",ECN_APPLICATION,,"2025-08-01","2024020007.pdf",http://pdf-file-server:80/download/5514f2c7563e12db757aae7d05504c8f/2024020007.pdf,/mnt/pdf/done/2024020007.pdf,0,"5514f2c7563e12db757aae7d05504c8f",,"[""24-B-BO"", ""005-T04537"", ""24-B-B002"", ""31*-TYL707"", ""043-739""]","[]","[]",,,"[]",[第 1 頁] 2025/8/1 上午10:48 fs-web/qm/qm/qmWF008_1.aspx?num=2024020007 &ccmno=CPR-K-Q-24-B-B002&qunum=156568 顧客抱怨處理資料 異常單號:CPR-K-Q-24-B-BO( 0管理異常 0環境異常 @品質異常 開單類別*| 00.規 Ol. O2. Me O38. O4m 05.內外部 “07.實驗...,"[""申請單"", ""申請單位"", ""緣由"", ""設變執行"", ""24-B-BO"", ""005-T04537"", ""24-B-B002""]",PARSED,HIGH,"2025-11-11 17:26:57","2025-11-11 17:26:57"
93,c10accad4cc9b7cc2c7c74ac51adb1df,COMPLAINT,,"2025-08-01","2023110128.pdf",http://pdf-file-server:80/download/c10accad4cc9b7cc2c7c74ac51adb1df/2023110128.pdf,/mnt/pdf/done/2023110128.pdf,0,c10accad4cc9b7cc2c7c74ac51adb1df,,"[""23-K-B0O05"", ""23-K-B005""]","[]","[]",,,"[]",[第 1 頁] 2025/8/1 上午10:48 fs-web/qm/qm/qmWF008_1.aspx?num=2023110128&ccmno=CPR-K-Q-23-K-B005&qunum=28226 顧客抱怨處理資料 異常單號:CPR-K-Q-23-K-B005 0管理異常 0環境異常 @品質異常 開單類別*| ON. Ol. 02.製 03. O4 05.內外 07.實驗 08.常 09...,"[""客訴"", ""異常"", ""顧客抱怨處理資料"", ""23-K-B0O05"", ""23-K-B005""]",PARSED,HIGH,"2025-11-11 17:26:58","2025-11-11 17:26:58"
94,"451a65f679943bdd171627f50b59d374",COMPLAINT,,"2025-08-01","2023110124.pdf",http://pdf-file-server:80/download/451a65f679943bdd171627f50b59d374/2023110124.pdf,/mnt/pdf/done/2023110124.pdf,0,"451a65f679943bdd171627f50b59d374",,"[""23-K-BO02"", ""23-K-B002"", ""04-0"", ""23-K-BOC""]","[]","[]",,,"[]",[第 1 頁] 2025/8/1 上午10:49 fs-web/qm/qm/qmWF008_1.aspx?num=2023110124&ccmno=CPR-K-Q-23-K-B002&qunum=28194 顧客抱怨處理資料 3% Hw: CPR-K-0-23-K-BOC 0管理異常 0環境異常 @品質異常 開單類別*| 00.規 01.成 O2. MR 03.進 04.驗 05.內外部 07.實...,"[""客訴"", ""異常"", ""顧客抱怨處理資料"", ""23-K-BO02"", ""23-K-B002"", ""04-0""]",PARSED,HIGH,"2025-11-11 17:26:59","2025-11-11 17:26:59"
95,"99b50cc907271518961dbed0e6293850",COMPLAINT,,"2025-08-01","2023100114.pdf",http://pdf-file-server:80/download/99b50cc907271518961dbed0e6293850/2023100114.pdf,/mnt/pdf/done/2023100114.pdf,0,"99b50cc907271518961dbed0e6293850",,"[""23-J-B004"", ""23-J-B0""]","[]","[]",,,"[]",[第 1 頁] 2025/8/1 上午10:49 fs-web/qm/qm/qmWF008_1.aspx?num=2023100114&ccmno=CPR-K-Q-23-J-B004&qunum=281 78 顧客抱怨處理資料 異常單號:CPR-K-Q-23-J-B0( 0管理異常 0環境異常 @品質異常 開單類別*#| 00.規 Ol. Rk 02.製程稽 03.進 04.驗 05.內外部 OF...,"[""客訴"", ""異常"", ""顧客抱怨處理資料"", ""23-J-B004"", ""23-J-B0""]",PARSED,HIGH,"2025-11-11 17:28:01","2025-11-11 17:28:01"
96,bacfa404fac5d4f26017815869f46f0e,COMPLAINT,,"2025-08-01","2023070091.pdf",http://pdf-file-server:80/download/bacfa404fac5d4f26017815869f46f0e/2023070091.pdf,/mnt/pdf/done/2023070091.pdf,0,bacfa404fac5d4f26017815869f46f0e,,"[""23-G-B005"", ""350*195-""]","[]","[]",,,"[]","[第 1 頁] 2025/8/1 上午10:49 fs-web/qm/qm/dmWF008_1.aspx?num=2023070091&ccmno=#CPR-K-Q-23-G-B005&qunum=27919 顧客抱怨處理資料 異常單號:CPR~K-Q-23-G-B005 0管理異常 0環境異常 @@品質異常 開單類別* | OO. Ol, 0O2.製 03. O44 0O5.內“0O7實“08....","[""客訴"", ""異常"", ""顧客抱怨處理資料"", ""23-G-B005"", ""350*195-""]",PARSED,HIGH,"2025-11-11 17:28:02","2025-11-11 17:28:02"
97,"407f4f9524be53c0a50da15ef80fba30",COMPLAINT,,"2025-08-01","2023050059.pdf",http://pdf-file-server:80/download/407f4f9524be53c0a50da15ef80fba30/2023050059.pdf,/mnt/pdf/done/2023050059.pdf,0,"407f4f9524be53c0a50da15ef80fba30",,"[""23-E-B0O01"", ""30-24"", ""23-E-B001""]","[]","[]",,,"[]",[第 1 頁] 2025/8/1 上午10:50 fs-web/qdqm/qm/qmWF008_1.aspx?num=2023050059&ccmno=CPR-K-Q-23-E-B0O01&qunum=27807 顧客抱怨處理資料 異常單號:CPR_K-Q-23-E-B001 0管理異常 0環境異常 @品質異常 開單類別#| ON Ol. 02.製 03. O4 05.內外 07.實驗 08.常 ...,"[""客訴"", ""異常"", ""顧客抱怨處理資料"", ""23-E-B0O01"", ""30-24"", ""23-E-B001""]",PARSED,HIGH,"2025-11-11 17:28:03","2025-11-11 17:28:03"
98,fdaa4d16bf8c4cbb0472db78802312d0,COMPLAINT,,"2025-08-01","2023020013.pdf",http://pdf-file-server:80/download/fdaa4d16bf8c4cbb0472db78802312d0/2023020013.pdf,/mnt/pdf/done/2023020013.pdf,0,fdaa4d16bf8c4cbb0472db78802312d0,,"[""23-B-B001"", ""23-B-B00O1""]","[]","[]",,,"[]","[第 1 頁] 2025/8/1 上午10:50 fs-web/qm/qm/qmWF008_1.aspx?num=2023020013&ccmno=CPR-K-Q-23-B-B001&qunum=27761 顧客抱怨處理資料 異常單號:CPR~K-Q-23-B-B00O1 0管理異常 0環境異常 @品質異常 BMAX) OO. Ol, 02.製 03. O4 05.內外 07.實驗 08.常 09...","[""客訴"", ""異常"", ""顧客抱怨處理資料"", ""23-B-B001"", ""23-B-B00O1""]",PARSED,HIGH,"2025-11-11 17:28:04","2025-11-11 17:28:04"
99,"7e38e6244eaccd6100347790aebe0e1a",COMPLAINT,,"2025-08-01","2023010007.pdf",http://pdf-file-server:80/download/7e38e6244eaccd6100347790aebe0e1a/2023010007.pdf,/mnt/pdf/done/2023010007.pdf,0,"7e38e6244eaccd6100347790aebe0e1a",,"[""23-A-BO06"", ""23-A-B006"", ""038-349""]","[]","[]",,,"[]",[第 1 頁] 2025/8/1 上午10:51 fs-web/qm/qm/qdmWF008_1.aspx?num=2023010007&ccmno=#CPR-K-Q-23-A-B006&qunum=27745 顧客抱綴處理資料 異常單號:CPR-K-Q-23-A-BO06 0管理異常 0環境異常 @品質異常 開單類別*| OO. Ol. 02.製 03. O4 O5.m O7.K O8 F 09...,"[""客訴"", ""異常"", ""顧客抱怨處理資料"", ""23-A-BO06"", ""23-A-B006"", ""038-349""]",PARSED,HIGH,"2025-11-11 17:28:05","2025-11-11 17:28:05"
100,d10d55232e81a2f6e2ae7621c2dd2e98,COMPLAINT,,"2025-08-01","2023010005.pdf",http://pdf-file-server:80/download/d10d55232e81a2f6e2ae7621c2dd2e98/2023010005.pdf,/mnt/pdf/done/2023010005.pdf,0,d10d55232e81a2f6e2ae7621c2dd2e98,,"[""23-A-B004""]","[]","[]",,,"[]",[第 1 頁] 2025/8/1 上午10:51 fs-web/qm/qm/qmWF008_1.aspx?num=2023010005&ccmno=CPR-K-Q-23-A-B004&qunum=27742 顧客抱怨處理資料 異常單號:CPR-K-Q-23-A-B004 0管理異常 0環境異常 @@品質異常 開單類別*| ON. Ol. 02.製 03. O4 05.內外 07.實驗 08.常 0...,"[""客訴"", ""異常"", ""顧客抱怨處理資料"", ""23-A-B004""]",PARSED,HIGH,"2025-11-11 17:28:07","2025-11-11 17:28:07"
101,cc813b2017db8e6383cccd57684e88ad,COMPLAINT,,"2025-08-01","2022100062.pdf",http://pdf-file-server:80/download/cc813b2017db8e6383cccd57684e88ad/2022100062.pdf,/mnt/pdf/done/2022100062.pdf,0,cc813b2017db8e6383cccd57684e88ad,,"[""038-320"", ""22-J-BO06"", ""22-J-B0O06"", ""22-J-B006"", ""038-332""]","[]","[]",,,"[]",[第 1 頁] 2025/8/1 上午10:52 fs-web/qm/qm/qmWF008_1.aspx?num=2022100062&ccmno=CPR-K-Q-22-J-BO06&qunum=27680 顧客抱怨處理資料 BR % 35% : CPR-K-Q-22-J-B006 0管理異常 0環境異常 ORR 開單類別* | ON. Ol. 02.製 O38. O4. 05.內07.實“08....,"[""客訴"", ""異常"", ""顧客抱怨處理資料"", ""038-320"", ""22-J-BO06"", ""22-J-B0O06""]",PARSED,HIGH,"2025-11-11 17:28:08","2025-11-11 17:28:08"
102,"0400c7682bf46613f41a8baf072e23ab",COMPLAINT,,"2025-08-01","2022100059.pdf",http://pdf-file-server:80/download/0400c7682bf46613f41a8baf072e23ab/2022100059.pdf,/mnt/pdf/done/2022100059.pdf,0,"0400c7682bf46613f41a8baf072e23ab",,"[""22-J-B004""]","[]","[]",,,"[]",[第 1 頁] 2025/8/1 上午10:53 fs-web/qm/qm/qmWF008_1.aspx?num=2022100059&ccmno=CPR-K-Q-22-J-B004&qunum=27678 顧客抱怨處理資料 異常單號:CPR-K-Q-22-J-B004 0管理異常 0環境異常 @品質異常 BMX) 00. Ol. O2.8 O38. 04 05.內07實08.常 09.合 010...,"[""客訴"", ""異常"", ""顧客抱怨處理資料"", ""22-J-B004""]",PARSED,HIGH,"2025-11-11 17:28:09","2025-11-11 17:28:09"
103,"1ac4c027ace47cf541e00b4c2c65188b",COMPLAINT,,"2025-08-01","2022080049.pdf",http://pdf-file-server:80/download/1ac4c027ace47cf541e00b4c2c65188b/2022080049.pdf,/mnt/pdf/done/2022080049.pdf,0,"1ac4c027ace47cf541e00b4c2c65188b",,"[""22-H-B005"", ""041-139"", ""036-848"", ""038-604"", ""22-H-BO005""]","[]","[]",,,"[]","[第 1 頁] 2025/8/1 上午10:53 fs-web/qm/qm/qmWF008_1.aspx?num=2022080049&ccmno=CPR-K-Q-22-H-BO005&qunum=27625 顧客抱怨處理資料 異常單號:CPR-K-Q-22-H-B005 0管理異常 0環境異常 @品質異党 開單類別# | CO. Ol, 02.製 03. 04 05.內07.實“08.常 09....","[""客訴"", ""異常"", ""顧客抱怨處理資料"", ""22-H-B005"", ""041-139"", ""036-848""]",PARSED,HIGH,"2025-11-11 17:28:10","2025-11-11 17:28:10"
104,e49d4da7e3c2c32b47058611e98e36a1,COMPLAINT,,"2025-08-01","2022070043.pdf",http://pdf-file-server:80/download/e49d4da7e3c2c32b47058611e98e36a1/2022070043.pdf,/mnt/pdf/done/2022070043.pdf,0,e49d4da7e3c2c32b47058611e98e36a1,,"[""22-G-B005"", ""027-747""]","[]","[]",,,"[]",[第 1 頁] 2025/8/1 上午10:54 fs-web/qm/qm/qmWF008_1.aspx?num=2022070043&ccmno=CPR-K-Q-22-G-B005&qunum=27620 顧客抱怨處理資料 異常單號:CPR-K-Q-22-G-B005 0管理異常 0環境異常 @@品質異常 開單類別* | 00. 01. O2.@ 03. 04 05.內外 O7. FM 08.常...,"[""客訴"", ""異常"", ""顧客抱怨處理資料"", ""22-G-B005"", ""027-747""]",PARSED,HIGH,"2025-11-11 17:29:12","2025-11-11 17:29:12"
105,"657fcfd721bfc8b6b2aae67b51612cf7",COMPLAINT,,"2025-08-01","2022070038.pdf",http://pdf-file-server:80/download/657fcfd721bfc8b6b2aae67b51612cf7/2022070038.pdf,/mnt/pdf/done/2022070038.pdf,0,"657fcfd721bfc8b6b2aae67b51612cf7",,"[""043-195"", ""22-G-BO01"", ""26-11"", ""043-323"", ""22-G-B001""]","[]","[]",,,"[]",[第 1 頁] 2025/8/1 上午10:54 fs-web/qm/qm/qmWF008_1.aspx?num=2022070038&ccmno=CPR-K-Q-22-G-B001 &qunum=27598 顧客抱怨處理資料 異常單號:CPR-K-Q-22-G-BO01 0管理異常 0環境異常 @@品質異常 開單類別* | ON. Ol. 02.製 O38. O4. 05.內07.實“08.常 ...,"[""客訴"", ""異常"", ""顧客抱怨處理資料"", ""043-195"", ""22-G-BO01"", ""26-11""]",PARSED,HIGH,"2025-11-11 17:29:13","2025-11-11 17:29:13"
106,"31d782b8e38debc3e7b4b42469bdd9d2",COMPLAINT,,"2025-08-01","2022050031.pdf",http://pdf-file-server:80/download/31d782b8e38debc3e7b4b42469bdd9d2/2022050031.pdf,/mnt/pdf/done/2022050031.pdf,0,"31d782b8e38debc3e7b4b42469bdd9d2",,"[""22-E-B0"", ""22-E-B002""]","[]","[]",,,"[]",[第 1 頁] 2025/8/1 上午10:55 fs-web/qm/qm/qmWF008_1.aspx?num=2022050031 &ccmno=CPR-K-Q-22-E-B002&qunum=27540 顧客抱怨處理資料 異常單號:CPR~K-Q-22-E-B0 0管理異常 0環境異常 @品質異常 開單類別*| 00.規 Ol. O2. MBH 03.進 04.驗 OF. MoS O7. P...,"[""客訴"", ""異常"", ""顧客抱怨處理資料"", ""22-E-B0"", ""22-E-B002""]",PARSED,HIGH,"2025-11-11 17:29:14","2025-11-11 17:29:14"
107,b83d1340bc32d9d67a18ce508341def8,COMPLAINT,,"2025-08-01","2022030020.pdf",http://pdf-file-server:80/download/b83d1340bc32d9d67a18ce508341def8/2022030020.pdf,/mnt/pdf/done/2022030020.pdf,0,b83d1340bc32d9d67a18ce508341def8,,"[""404-T06594"", ""22-C-B003"", ""402-T06594""]","[]","[]",,,"[]",[第 1 頁] 2025/8/1 上午10:55 fs-web/qm/qm/qmWF008_1.aspx?num=2022030020&ccmno=CPR-K-Q-22-C-B003&qunum=27514 顧客抱怨處理資料 異常單號:CPR-K-Q-22-C-B003 0管理異常 0環境異常 ORGRE PARRA) 00. 01. 02.製 03. 04. OF. O7 KF O8 F 09....,"[""客訴"", ""異常"", ""顧客抱怨處理資料"", ""404-T06594"", ""22-C-B003"", ""402-T06594""]",PARSED,HIGH,"2025-11-11 17:29:15","2025-11-11 17:29:15"
108,"67e80f0841ff40fb0893f3607a7cfc94",COMPLAINT,,"2025-08-01","2021120087.pdf",http://pdf-file-server:80/download/67e80f0841ff40fb0893f3607a7cfc94/2021120087.pdf,/mnt/pdf/done/2021120087.pdf,0,"67e80f0841ff40fb0893f3607a7cfc94",,"[""21-L-B008"", ""11-1934""]","[]","[]",,,"[]","[第 1 頁] 2025/8/1 上午10:55 fs-web/qm/qm/qmWF008_1.aspx?num=2021120087&ccmno=#CPR-K-Q-21-L-B008&qunum=27366 顧客抱怨處理資料 異常單號:CPR~-K-Q-21-L-B008 0管理異常 0環境異常 @品質異常 開單類別*| OO, Ol, 02.製03. 04 05.內外 07.實驗 08.常“0...","[""客訴"", ""異常"", ""顧客抱怨處理資料"", ""21-L-B008"", ""11-1934""]",PARSED,HIGH,"2025-11-11 17:29:16","2025-11-11 17:29:16"
109,"2deeae63bab24c06c82d7c155ec5c7d9",COMPLAINT,,"2025-08-01","2021110072.pdf",http://pdf-file-server:80/download/2deeae63bab24c06c82d7c155ec5c7d9/2021110072.pdf,/mnt/pdf/done/2021110072.pdf,0,"2deeae63bab24c06c82d7c155ec5c7d9",,"[""21-K-B001"", ""21-K-BO01"", ""041-788"", ""041-787""]","[]","[]",,,"[]",[第 1 頁] 2025/8/1 上午10:56 fs-web/qm/qm/qmWF008_1.aspx?num=2021110072&ccmno=#CPR-K-Q-21-K-B001&qunum=27086 顧客抱急處理資料 異常單號:CPR-K-Q-21-K-BO01 0管理異常 0環境異常 ORR 開單類別* | 00. 01. 02.製 03. 04 05.內07.實“08.常 OFF 0...,"[""客訴"", ""異常"", ""顧客抱怨處理資料"", ""21-K-B001"", ""21-K-BO01"", ""041-788""]",PARSED,HIGH,"2025-11-11 17:29:17","2025-11-11 17:29:17"
